,Symbol,Date,Time,Open,High,Low,Close,Volume,Amount,Vwap,norm_open,norm_high,norm_low,norm_close,norm_vwap
0,600918,20200603,2020-06-03 09:30:00.000,5.26,5.26,5.26,5.26,64600.0,339796.0,5.26,1.0,1.0,1.0,1.0,1.0
1,600918,20200603,2020-06-03 10:30:00.000,6.31,6.31,6.31,6.31,1934565.0,12207105.0,6.309999922463191,1.199619771863118,1.199619771863118,1.199619771863118,1.199619771863118,1.1996197571222795
2,600918,20200603,2020-06-03 11:30:00.000,6.31,6.31,6.31,6.31,353462.0,2230345.0,6.309999377585144,1.199619771863118,1.199619771863118,1.199619771863118,1.199619771863118,1.1996196535332977
3,600918,20200603,2020-06-03 14:00:00.000,6.31,6.31,6.31,6.31,270374.0,1706060.0,6.310000221914829,1.199619771863118,1.199619771863118,1.199619771863118,1.199619771863118,1.199619814052249
4,600918,20200603,2020-06-03 15:00:00.000,6.31,6.31,6.31,6.31,243573.0,1536946.0,6.310001519051784,1.199619771863118,1.199619771863118,1.199619771863118,1.199619771863118,1.1996200606562326
5,600918,20200604,2020-06-04 09:30:00.000,6.94,6.94,6.94,6.94,146423.0,1016176.0,6.9400025952206965,1.3193916349809889,1.3193916349809889,1.3193916349809889,1.3193916349809889,1.3193921283689538
6,600918,20200604,2020-06-04 10:30:00.000,6.94,6.94,6.94,6.94,482528.0,3348744.0,6.939999336826049,1.3193916349809889,1.3193916349809889,1.3193916349809889,1.3193916349809889,1.3193915089022907
7,600918,20200604,2020-06-04 11:30:00.000,6.94,6.94,6.94,6.94,84189.0,584272.0,6.94000403853235,1.3193916349809889,1.3193916349809889,1.3193916349809889,1.3193916349809889,1.319392402762804
8,600918,20200604,2020-06-04 14:00:00.000,6.94,6.94,6.94,6.94,80790.0,560682.0,6.9399925733382855,1.3193916349809889,1.3193916349809889,1.3193916349809889,1.3193916349809889,1.319390223068115
9,600918,20200604,2020-06-04 15:00:00.000,6.94,6.94,6.94,6.94,109324.0,758709.0,6.940004024733819,1.3193916349809889,1.3193916349809889,1.3193916349809889,1.3193916349809889,1.3193924001395092
10,600918,20200605,2020-06-05 09:30:00.000,7.63,7.63,7.63,7.63,189500.0,1445885.0,7.63,1.450570342205323,1.450570342205323,1.450570342205323,1.450570342205323,1.450570342205323
11,600918,20200605,2020-06-05 10:30:00.000,7.63,7.63,7.63,7.63,624988.0,4768658.0,7.629999295986482,1.450570342205323,1.450570342205323,1.450570342205323,1.450570342205323,1.4505702083624492
12,600918,20200605,2020-06-05 11:30:00.000,7.63,7.63,7.63,7.63,85804.0,654685.0,7.630005594144795,1.450570342205323,1.450570342205323,1.450570342205323,1.450570342205323,1.4505714057309498
13,600918,20200605,2020-06-05 14:00:00.000,7.63,7.63,7.63,7.63,146628.0,1118772.0,7.630002455192733,1.450570342205323,1.450570342205323,1.450570342205323,1.450570342205323,1.4505708089720024
14,600918,20200605,2020-06-05 15:00:00.000,7.63,7.63,7.63,7.63,366765.0,2798417.0,7.630000136327076,1.450570342205323,1.450570342205323,1.450570342205323,1.450570342205323,1.4505703681230182
15,600918,20200608,2020-06-08 09:30:00.000,8.39,8.39,8.39,8.39,353500.0,2965865.0,8.39,1.5950570342205326,1.5950570342205326,1.5950570342205326,1.5950570342205326,1.5950570342205326
16,600918,20200608,2020-06-08 10:30:00.000,8.39,8.39,8.39,8.39,692061.0,5806392.0,8.390000303441461,1.5950570342205326,1.5950570342205326,1.5950570342205326,1.5950570342205326,1.5950570919090228
17,600918,20200608,2020-06-08 11:30:00.000,8.39,8.39,8.39,8.39,124576.0,1045192.0,8.38999486257385,1.5950570342205326,1.5950570342205326,1.5950570342205326,1.5950570342205326,1.5950560575235455
18,600918,20200608,2020-06-08 14:00:00.000,8.39,8.39,8.39,8.39,122070.0,1024168.0,8.39000573441468,1.5950570342205326,1.5950570342205326,1.5950570342205326,1.5950570342205326,1.5950581244134374
19,600918,20200608,2020-06-08 15:00:00.000,8.39,8.39,8.39,8.39,172195.0,1444716.0,8.389999709631523,1.5950570342205326,1.5950570342205326,1.5950570342205326,1.5950570342205326,1.5950569790173998
20,600918,20200609,2020-06-09 09:30:00.000,9.23,9.23,9.23,9.23,598500.0,5524155.0,9.23,1.754752851711027,1.754752851711027,1.754752851711027,1.754752851711027,1.754752851711027
21,600918,20200609,2020-06-09 10:30:00.000,9.23,9.23,9.23,9.23,6050011.0,55841602.0,9.230000077685808,1.754752851711027,1.754752851711027,1.754752851711027,1.754752851711027,1.7547528664801917
22,600918,20200609,2020-06-09 11:30:00.000,9.23,9.23,9.23,9.23,283652.0,2618107.0,9.229996615571194,1.754752851711027,1.754752851711027,1.754752851711027,1.754752851711027,1.7547522082834968
23,600918,20200609,2020-06-09 14:00:00.000,9.23,9.23,9.23,9.23,196100.0,1810003.0,9.23,1.754752851711027,1.754752851711027,1.754752851711027,1.754752851711027,1.754752851711027
24,600918,20200609,2020-06-09 15:00:00.000,9.23,9.23,9.23,9.23,431490.0,3982653.0,9.230000695265243,1.754752851711027,1.754752851711027,1.754752851711027,1.754752851711027,1.7547529838907308
25,600918,20200610,2020-06-10 09:30:00.000,10.15,10.15,10.15,10.15,2468562.0,25055904.0,10.14999987847176,1.9296577946768063,1.9296577946768063,1.9296577946768063,1.9296577946768063,1.9296577715725776
26,600918,20200610,2020-06-10 10:30:00.000,10.15,10.15,10.15,10.15,3047291.0,30930004.0,10.150000114856113,1.9296577946768063,1.9296577946768063,1.9296577946768063,1.9296577946768063,1.9296578165125693
27,600918,20200610,2020-06-10 11:30:00.000,10.15,10.15,10.15,10.15,297584.0,3020478.0,10.150001344158287,1.9296577946768063,1.9296577946768063,1.9296577946768063,1.9296577946768063,1.9296580502202068
28,600918,20200610,2020-06-10 14:00:00.000,10.15,10.15,10.15,10.15,309539.0,3141820.0,10.14999725398092,1.9296577946768063,1.9296577946768063,1.9296577946768063,1.9296577946768063,1.9296572726199468
29,600918,20200610,2020-06-10 15:00:00.000,10.15,10.15,10.15,10.15,442689.0,4493294.0,10.150001468299417,1.9296577946768063,1.9296577946768063,1.9296577946768063,1.9296577946768063,1.9296580738211817
30,600918,20200611,2020-06-11 09:30:00.000,11.17,11.17,11.17,11.17,1047716.0,11702988.0,11.170000267247994,2.123574144486692,2.123574144486692,2.123574144486692,2.123574144486692,2.1235741952942955
31,600918,20200611,2020-06-11 10:30:00.000,11.17,11.17,11.17,11.17,1853727.0,20706130.0,11.16999968172228,2.123574144486692,2.123574144486692,2.123574144486692,2.123574144486692,2.12357408397762
32,600918,20200611,2020-06-11 11:30:00.000,11.17,11.17,11.17,11.17,125290.0,1399490.0,11.170005587038071,2.123574144486692,2.123574144486692,2.123574144486692,2.123574144486692,2.1235752066612306
33,600918,20200611,2020-06-11 14:00:00.000,11.17,11.17,11.17,11.17,184891.0,2065232.0,11.169997457961722,2.123574144486692,2.123574144486692,2.123574144486692,2.123574144486692,2.1235736612094525
34,600918,20200611,2020-06-11 15:00:00.000,11.17,11.17,11.17,11.17,668869.0,7471267.0,11.170000403666489,2.123574144486692,2.123574144486692,2.123574144486692,2.123574144486692,2.1235742212293705
35,600918,20200612,2020-06-12 09:30:00.000,12.29,12.29,12.29,12.29,2829211.0,34771003.0,12.289999932843466,2.3365019011406845,2.3365019011406845,2.3365019011406845,2.3365019011406845,2.336501888373283
36,600918,20200612,2020-06-12 10:30:00.000,12.29,12.29,12.29,12.29,5472670.0,67259114.0,12.289999945182153,2.3365019011406845,2.3365019011406845,2.3365019011406845,2.3365019011406845,2.33650189071904
37,600918,20200612,2020-06-12 11:30:00.000,12.29,12.29,12.29,12.29,447112.0,5495007.0,12.290001163019555,2.3365019011406845,2.3365019011406845,2.3365019011406845,2.3365019011406845,2.3365021222470643
38,600918,20200612,2020-06-12 14:00:00.000,12.29,12.29,12.29,12.29,430591.0,5291963.0,12.289999094268111,2.3365019011406845,2.3365019011406845,2.3365019011406845,2.3365019011406845,2.3365017289483103
39,600918,20200612,2020-06-12 15:00:00.000,12.29,12.29,12.29,12.29,1314393.0,16153890.0,12.290000022824223,2.3365019011406845,2.3365019011406845,2.3365019011406845,2.3365019011406845,2.3365019054798903
40,600918,20200615,2020-06-15 09:30:00.000,13.52,13.52,13.52,13.52,2094658.0,28319776.0,13.519999923615217,2.570342205323194,2.570342205323194,2.570342205323194,2.570342205323194,2.570342190801372
41,600918,20200615,2020-06-15 10:30:00.000,13.52,13.52,13.52,13.52,2445677.0,33065553.0,13.51999998364461,2.570342205323194,2.570342205323194,2.570342205323194,2.570342205323194,2.570342202213804
42,600918,20200615,2020-06-15 11:30:00.000,13.52,13.52,13.52,13.52,838064.0,11330625.0,13.519999665896638,2.570342205323194,2.570342205323194,2.570342205323194,2.570342205323194,2.5703421418054444
43,600918,20200615,2020-06-15 14:00:00.000,13.52,13.52,13.52,13.52,905718.0,12245308.0,13.520000706621706,2.570342205323194,2.570342205323194,2.570342205323194,2.570342205323194,2.570342339661922
44,600918,20200615,2020-06-15 15:00:00.000,13.52,13.52,13.52,13.52,2647089.0,35788643.0,13.519999894223428,2.570342205323194,2.570342205323194,2.570342205323194,2.570342205323194,2.57034218521358
45,600918,20200616,2020-06-16 09:30:00.000,14.12,14.12,14.12,14.12,58951050.0,832388826.0,14.12,2.6844106463878328,2.6844106463878328,2.6844106463878328,2.6844106463878328,2.6844106463878328
46,600918,20200616,2020-06-16 10:30:00.000,14.2,14.3,13.62,13.87,298013274.0,4164208948.0,13.973233111757295,2.6996197718631176,2.7186311787072244,2.5893536121673004,2.6368821292775664,2.6565081961515777
47,600918,20200616,2020-06-16 11:30:00.000,13.87,14.45,13.87,14.09,65149706.0,922127607.0,14.153979559017506,2.6368821292775664,2.7471482889733845,2.6368821292775664,2.6787072243346013,2.690870638596484
48,600918,20200616,2020-06-16 14:00:00.000,14.07,14.5,14.04,14.38,51693155.0,741090021.0,14.336327914208368,2.6749049429657794,2.7566539923954374,2.6692015209125475,2.7338403041825097,2.725537626275356
49,600918,20200616,2020-06-16 15:00:00.000,14.38,14.38,14.1,14.25,39070692.0,555761720.0,14.22451693458616,2.7338403041825097,2.7338403041825097,2.680608365019012,2.7091254752851706,2.7042807860429963
50,600918,20200617,2020-06-17 09:30:00.000,13.99,13.99,13.99,13.99,12992900.0,181770671.0,13.99,2.6596958174904946,2.6596958174904946,2.6596958174904946,2.6596958174904946,2.6596958174904946
51,600918,20200617,2020-06-17 10:30:00.000,13.88,14.21,13.76,13.81,145478470.0,2025939989.0,13.926046850781429,2.6387832699619773,2.701520912547529,2.6159695817490496,2.625475285171103,2.6475374241029326
52,600918,20200617,2020-06-17 11:30:00.000,13.82,14.1,13.75,13.98,42760063.0,595928353.0,13.936563961563856,2.627376425855513,2.680608365019012,2.614068441064639,2.657794676806084,2.6495368748220254
53,600918,20200617,2020-06-17 14:00:00.000,13.95,14.0,13.73,13.79,35575012.0,491835624.0,13.825311541707986,2.652091254752852,2.661596958174905,2.6102661596958177,2.621673003802281,2.6283862246593124
54,600918,20200617,2020-06-17 15:00:00.000,13.79,14.08,13.73,14.08,62165728.0,865577675.0,13.923711711378978,2.621673003802281,2.6768060836501903,2.6102661596958177,2.6768060836501903,2.6470934812507565
55,600918,20200618,2020-06-18 09:30:00.000,13.84,13.84,13.84,13.84,3271100.0,45272024.0,13.84,2.631178707224335,2.631178707224335,2.631178707224335,2.631178707224335,2.631178707224335
56,600918,20200618,2020-06-18 10:30:00.000,13.83,14.23,13.75,13.85,117084239.0,1636887403.0,13.980424837539404,2.629277566539924,2.70532319391635,2.614068441064639,2.6330798479087454,2.6578754443991266
57,600918,20200618,2020-06-18 11:30:00.000,13.85,14.33,13.71,14.1,81632561.0,1144522329.0,14.020414341772272,2.6330798479087454,2.7243346007604563,2.6064638783269967,2.680608365019012,2.665478011743778
58,600918,20200618,2020-06-18 14:00:00.000,14.08,14.12,13.92,13.97,28443027.0,398797919.0,14.020938031665898,2.6768060836501903,2.6844106463878328,2.64638783269962,2.655893536121673,2.665577572560057
59,600918,20200618,2020-06-18 15:00:00.000,13.97,14.14,13.88,13.98,47310087.0,662845317.0,14.010655211857884,2.655893536121673,2.688212927756654,2.6387832699619773,2.657794676806084,2.663622663851309
60,600918,20200619,2020-06-19 09:30:00.000,13.74,13.74,13.74,13.74,2702800.0,37136472.0,13.74,2.612167300380228,2.612167300380228,2.612167300380228,2.612167300380228,2.612167300380228
61,600918,20200619,2020-06-19 10:30:00.000,13.74,13.84,13.26,13.53,100847070.0,1363754949.0,13.523000212103335,2.612167300380228,2.631178707224335,2.520912547528517,2.5722433460076046,2.5709125878523453
62,600918,20200619,2020-06-19 11:30:00.000,13.53,13.83,13.49,13.57,40196542.0,548682960.0,13.650004022734096,2.5722433460076046,2.629277566539924,2.5646387832699618,2.5798479087452475,2.595057798998877
63,600918,20200619,2020-06-19 14:00:00.000,13.57,13.85,13.5,13.85,32017633.0,439244897.0,13.718843519756756,2.5798479087452475,2.6330798479087454,2.5665399239543727,2.6330798479087454,2.608145155847292
64,600918,20200619,2020-06-19 15:00:00.000,13.85,14.63,13.74,14.1,146236134.0,2069663874.0,14.152889695511234,2.6330798479087454,2.781368821292776,2.612167300380228,2.680608365019012,2.690663440211261
65,600918,20200622,2020-06-22 09:30:00.000,13.82,13.82,13.82,13.82,4279470.0,59142275.0,13.819999906530482,2.627376425855513,2.627376425855513,2.627376425855513,2.627376425855513,2.627376408085643
66,600918,20200622,2020-06-22 10:30:00.000,13.81,15.51,13.65,14.97,240442074.0,3517544004.0,14.629486202152789,2.625475285171103,2.9486692015209126,2.5950570342205324,2.8460076045627387,2.7812711410936863
67,600918,20200622,2020-06-22 11:30:00.000,14.97,15.04,14.69,14.83,43022648.0,639452453.0,14.863158887849028,2.8460076045627387,2.859315589353612,2.7927756653992395,2.8193916349809887,2.825695606054948
68,600918,20200622,2020-06-22 14:00:00.000,14.83,15.0,14.45,14.54,39642394.0,582001005.0,14.68127795208332,2.8193916349809887,2.8517110266159698,2.7471482889733845,2.76425855513308,2.7911174813846613
69,600918,20200622,2020-06-22 15:00:00.000,14.53,14.59,14.32,14.35,41949604.0,604865826.0,14.418868554754416,2.7623574144486693,2.773764258555133,2.722433460076046,2.7281368821292777,2.741229763261296
70,600918,20200623,2020-06-23 09:30:00.000,14.17,14.17,14.17,14.17,3315033.0,46974018.0,14.170000117645886,2.6939163498098857,2.6939163498098857,2.6939163498098857,2.6939163498098857,2.6939163721760244
71,600918,20200623,2020-06-23 10:30:00.000,14.18,14.42,13.94,14.28,77387214.0,1097912768.0,14.187263131090363,2.6958174904942966,2.741444866920152,2.6501901140684407,2.7148288973384034,2.6971983138955062
72,600918,20200623,2020-06-23 11:30:00.000,14.28,14.4,14.06,14.26,29097659.0,413644330.0,14.215725395640936,2.7148288973384034,2.737642585551331,2.6730038022813694,2.7110266159695824,2.7026093908062614
73,600918,20200623,2020-06-23 14:00:00.000,14.27,14.44,14.16,14.22,29970134.0,428293437.0,14.290674743062544,2.7129277566539924,2.745247148288973,2.692015209125475,2.7034220532319395,2.7168583161715865
74,600918,20200623,2020-06-23 15:00:00.000,14.22,14.51,14.09,14.35,70167833.0,1003667714.0,14.303815168412,2.7034220532319395,2.7585551330798483,2.6787072243346013,2.7281368821292777,2.7193564958958176
75,600918,20200624,2020-06-24 09:30:00.000,14.33,14.33,14.33,14.33,1281800.0,18368194.0,14.33,2.7243346007604563,2.7243346007604563,2.7243346007604563,2.7243346007604563,2.7243346007604563
76,600918,20200624,2020-06-24 10:30:00.000,14.3,14.55,13.99,14.12,73166507.0,1042648523.0,14.250352596441427,2.7186311787072244,2.7661596958174908,2.6596958174904946,2.6844106463878328,2.7091925088291693
77,600918,20200624,2020-06-24 11:30:00.000,14.11,14.16,13.96,13.99,26899592.0,377638684.0,14.038825718992314,2.682509505703422,2.692015209125475,2.6539923954372626,2.6596958174904946,2.668978273572684
78,600918,20200624,2020-06-24 14:00:00.000,13.99,14.09,13.85,13.94,27869394.0,388947470.0,13.95607920287036,2.6596958174904946,2.6787072243346013,2.6330798479087454,2.6501901140684407,2.6532469967434147
79,600918,20200624,2020-06-24 15:00:00.000,13.93,14.02,13.81,13.81,49949929.0,693608742.0,13.886080638873382,2.6482889733840307,2.6653992395437265,2.625475285171103,2.625475285171103,2.6399392849569168
80,600918,20200629,2020-06-29 09:30:00.000,13.29,13.29,13.29,13.29,3920900.0,52108761.0,13.29,2.526615969581749,2.526615969581749,2.526615969581749,2.526615969581749,2.526615969581749
81,600918,20200629,2020-06-29 10:30:00.000,13.24,13.36,12.62,12.95,107525587.0,1394480637.0,12.968826080437951,2.517110266159696,2.5399239543726235,2.399239543726236,2.461977186311787,2.4655562890566447
82,600918,20200629,2020-06-29 11:30:00.000,12.95,12.98,12.76,12.9,18894119.0,242952122.0,12.858610766662366,2.461977186311787,2.46768060836502,2.425855513307985,2.452471482889734,2.44460280735026
83,600918,20200629,2020-06-29 14:00:00.000,12.89,12.89,12.56,12.64,31030493.0,393885470.0,12.693497006315688,2.4505703422053235,2.4505703422053235,2.387832699619772,2.4030418250950567,2.4132123586151497
84,600918,20200629,2020-06-29 15:00:00.000,12.64,12.74,12.44,12.49,55513219.0,693890614.0,12.499556438980775,2.4030418250950567,2.4220532319391634,2.365019011406844,2.374524714828897,2.3763415283233416
85,600918,20200630,2020-06-30 09:30:00.000,12.57,12.57,12.57,12.57,1423507.0,17893483.0,12.570000007024904,2.3897338403041832,2.3897338403041832,2.3897338403041832,2.3897338403041832,2.389733841639716
86,600918,20200630,2020-06-30 10:30:00.000,12.59,12.66,12.46,12.63,41291217.0,519298202.0,12.576480901495348,2.393536121673004,2.4068441064638786,2.3688212927756656,2.4011406844106467,2.390965950854629
87,600918,20200630,2020-06-30 11:30:00.000,12.62,12.63,12.48,12.59,20359580.0,255299941.0,12.539548507385714,2.399239543726236,2.4011406844106467,2.372623574144487,2.393536121673004,2.3839445831531774
88,600918,20200630,2020-06-30 14:00:00.000,12.59,13.13,12.54,12.93,66836319.0,861626118.0,12.891585456703565,2.393536121673004,2.4961977186311795,2.3840304182509504,2.458174904942966,2.4508717598295746
89,600918,20200630,2020-06-30 15:00:00.000,12.93,12.93,12.77,12.84,27705632.0,355564325.0,12.833647866253331,2.458174904942966,2.458174904942966,2.427756653992396,2.44106463878327,2.439857008793409
90,600918,20200701,2020-07-01 09:30:00.000,12.75,12.75,12.75,12.75,1563662.0,19936691.0,12.7500003197622,2.4239543726235744,2.4239543726235744,2.4239543726235744,2.4239543726235744,2.423954433414867
91,600918,20200701,2020-07-01 10:30:00.000,12.73,12.83,12.59,12.67,37837047.0,480577117.0,12.70123212839522,2.420152091254753,2.4391634980988592,2.393536121673004,2.408745247148289,2.414682914143578
92,600918,20200701,2020-07-01 11:30:00.000,12.67,13.05,12.67,12.94,38444287.0,496522179.0,12.915369688089154,2.408745247148289,2.4809885931558937,2.408745247148289,2.4600760456273765,2.455393476823033
93,600918,20200701,2020-07-01 14:00:00.000,12.96,13.0,12.72,12.81,23573748.0,302903939.0,12.849205777545428,2.4638783269961984,2.4714828897338403,2.4182509505703425,2.4353612167300382,2.4428147866055947
94,600918,20200701,2020-07-01 15:00:00.000,12.81,12.96,12.74,12.95,29006883.0,373348159.0,12.87101957835318,2.4353612167300382,2.4638783269961984,2.4220532319391634,2.461977186311787,2.44696189702532
95,600918,20200702,2020-07-02 09:30:00.000,12.94,12.94,12.94,12.94,663700.0,8588278.0,12.94,2.4600760456273765,2.4600760456273765,2.4600760456273765,2.4600760456273765,2.4600760456273765
96,600918,20200702,2020-07-02 10:30:00.000,12.93,13.17,12.88,12.99,52537781.0,683914334.0,13.01757175469592,2.458174904942966,2.503802281368821,2.4486692015209126,2.4695817490494303,2.4748235275087302
97,600918,20200702,2020-07-02 11:30:00.000,12.99,13.91,12.99,13.87,91279911.0,1225120806.0,13.421581951367152,2.4695817490494303,2.6444866920152093,2.4695817490494303,2.6368821292775664,2.5516315496895725
98,600918,20200702,2020-07-02 14:00:00.000,13.87,14.16,13.71,13.89,68458036.0,956011054.0,13.964920845815676,2.6368821292775664,2.692015209125475,2.6064638783269967,2.6406844106463883,2.654927917455452
99,600918,20200702,2020-07-02 15:00:00.000,13.88,14.25,13.86,14.25,85308548.0,1209214158.0,14.17459546961226,2.6387832699619773,2.7091254752851706,2.634980988593156,2.7091254752851706,2.6947900132342704
100,600918,20200703,2020-07-03 09:30:00.000,14.85,14.85,14.85,14.85,8296900.0,123208965.0,14.85,2.8231939163498097,2.8231939163498097,2.8231939163498097,2.8231939163498097,2.8231939163498097
101,600918,20200703,2020-07-03 10:30:00.000,14.85,15.68,14.6,15.68,165292521.0,2505205322.0,15.156192832221368,2.8231939163498097,2.9809885931558937,2.775665399239544,2.9809885931558937,2.8814054814109067
102,600918,20200703,2020-07-03 11:30:00.000,15.68,15.68,15.25,15.68,112968988.0,1760519096.0,15.584091945658573,2.9809885931558937,2.9809885931558937,2.899239543726236,2.9809885931558937,2.9627551227487783
103,600918,20200703,2020-07-03 14:00:00.000,15.68,15.68,15.68,15.68,4012151.0,62910528.0,15.680000079757717,2.9809885931558937,2.9809885931558937,2.9809885931558937,2.9809885931558937,2.9809886083189583
104,600918,20200703,2020-07-03 15:00:00.000,15.68,15.68,15.68,15.68,1457600.0,22855168.0,15.68,2.9809885931558937,2.9809885931558937,2.9809885931558937,2.9809885931558937,2.9809885931558937
105,600918,20200706,2020-07-06 09:30:00.000,17.25,17.25,17.25,17.25,3258983.0,56217457.0,17.250000076711043,3.279467680608365,3.279467680608365,3.279467680608365,3.279467680608365,3.2794676951922144
106,600918,20200706,2020-07-06 10:30:00.000,17.25,17.25,17.25,17.25,4278089.0,73797035.0,17.249999941562688,3.279467680608365,3.279467680608365,3.279467680608365,3.279467680608365,3.2794676694986107
107,600918,20200706,2020-07-06 11:30:00.000,17.25,17.25,17.25,17.25,312830.0,5396318.0,17.25000159831218,3.279467680608365,3.279467680608365,3.279467680608365,3.279467680608365,3.2794679844699965
108,600918,20200706,2020-07-06 14:00:00.000,17.25,17.25,17.25,17.25,610970.0,10539232.0,17.249999181629214,3.279467680608365,3.279467680608365,3.279467680608365,3.279467680608365,3.279467525024565
109,600918,20200706,2020-07-06 15:00:00.000,17.25,17.25,17.25,17.25,207100.0,3572475.0,17.25,3.279467680608365,3.279467680608365,3.279467680608365,3.279467680608365,3.279467680608365
110,600918,20200707,2020-07-07 09:30:00.000,18.98,18.98,18.98,18.98,1453104.0,27579914.0,18.98000005505456,3.608365019011407,3.608365019011407,3.608365019011407,3.608365019011407,3.608365029478053
111,600918,20200707,2020-07-07 10:30:00.000,18.98,18.98,18.5,18.98,118102777.0,2234070699.0,18.916326573760408,3.608365019011407,3.608365019011407,3.5171102661596967,3.608365019011407,3.5962598048974166
112,600918,20200707,2020-07-07 11:30:00.000,18.98,18.98,18.87,18.98,24300796.0,461075273.0,18.973669545639574,3.608365019011407,3.608365019011407,3.5874524714828904,3.608365019011407,3.6071615105778654
113,600918,20200707,2020-07-07 14:00:00.000,18.98,18.98,18.98,18.98,869964.0,16511917.0,18.9800003218524,3.608365019011407,3.608365019011407,3.608365019011407,3.608365019011407,3.608365080200076
114,600918,20200707,2020-07-07 15:00:00.000,18.98,18.98,18.98,18.98,3168003.0,60128697.0,18.98000001893937,3.608365019011407,3.608365019011407,3.608365019011407,3.608365019011407,3.6083650226120487
115,600918,20200708,2020-07-08 09:30:00.000,18.67,18.67,18.67,18.67,8782000.0,163959940.0,18.67,3.5494296577946773,3.5494296577946773,3.5494296577946773,3.5494296577946773,3.5494296577946773
116,600918,20200708,2020-07-08 10:30:00.000,18.59,20.46,18.41,19.63,216451186.0,4233986236.0,19.560928790660448,3.534220532319392,3.8897338403041832,3.5,3.7319391634980974,3.718807754878412
117,600918,20200708,2020-07-08 11:30:00.000,19.63,20.79,19.6,20.12,46344619.0,941707354.0,20.319669776549464,3.7319391634980974,3.952471482889734,3.7262357414448672,3.8250950570342215,3.8630550905987575
118,600918,20200708,2020-07-08 14:00:00.000,20.25,20.88,20.05,20.5,47811244.0,985605104.0,20.61450448768913,3.8498098859315593,3.96958174904943,3.811787072243346,3.897338403041825,3.919107317051166
119,600918,20200708,2020-07-08 15:00:00.000,20.58,20.88,20.39,20.79,24863786.0,516731760.0,20.782505126130022,3.9125475285171096,3.96958174904943,3.876425855513309,3.952471482889734,3.951046601925861
120,600918,20200709,2020-07-09 09:30:00.000,19.79,19.79,19.79,19.79,8055600.0,159420324.0,19.79,3.762357414448669,3.762357414448669,3.762357414448669,3.762357414448669,3.762357414448669
121,600918,20200709,2020-07-09 10:30:00.000,19.61,20.69,19.52,19.83,152135637.0,3045453009.0,20.01801201253064,3.7281368821292777,3.933460076045628,3.7110266159695824,3.769961977186312,3.805705705804303
122,600918,20200709,2020-07-09 11:30:00.000,19.82,20.37,19.66,20.34,38408138.0,768477663.0,20.00819886139755,3.768060836501901,3.872623574144487,3.737642585551331,3.866920152091255,3.803840087718165
123,600918,20200709,2020-07-09 14:00:00.000,20.34,21.67,20.25,20.86,70495397.0,1479569583.0,20.988172929929032,3.866920152091255,4.119771863117872,3.8498098859315593,3.965779467680608,3.990146944853428
124,600918,20200709,2020-07-09 15:00:00.000,20.86,21.17,20.0,20.31,57458632.0,1172830756.0,20.41174172054775,3.965779467680608,4.024714828897339,3.802281368821293,3.861216730038023,3.880559262461549
125,600918,20200710,2020-07-10 09:30:00.000,19.53,19.53,19.53,19.53,5250418.0,102540664.0,19.530000087612077,3.712927756653993,3.712927756653993,3.712927756653993,3.712927756653993,3.71292777331028
126,600918,20200710,2020-07-10 10:30:00.000,19.56,19.99,19.39,19.42,82413942.0,1620929807.0,19.668150408337464,3.718631178707224,3.8003802281368815,3.686311787072244,3.692015209125476,3.7391920928398217
127,600918,20200710,2020-07-10 11:30:00.000,19.41,20.27,19.22,19.97,49968279.0,985834854.0,19.72921368774778,3.6901140684410647,3.85361216730038,3.653992395437261,3.796577946768061,3.750801081320871
128,600918,20200710,2020-07-10 14:00:00.000,20.0,20.15,19.62,19.88,21597807.0,429006974.0,19.86345067348736,3.802281368821293,3.830798479087453,3.7300380228136887,3.779467680608365,3.776321420815088
129,600918,20200710,2020-07-10 15:00:00.000,19.88,20.0,19.36,19.72,43075303.0,847495617.0,19.67474534073504,3.779467680608365,3.802281368821293,3.6806083650190113,3.7490494296577945,3.7404458822690185
130,600918,20200713,2020-07-13 09:30:00.000,19.35,19.35,19.35,19.35,2004363.0,38784424.0,19.34999997505442,3.678707224334601,3.678707224334601,3.678707224334601,3.678707224334601,3.6787072195920953
131,600918,20200713,2020-07-13 10:30:00.000,19.46,19.9,19.22,19.76,64764791.0,1270405538.0,19.615681891106547,3.6996197718631194,3.783269961977186,3.653992395437261,3.756653992395438,3.729217089563982
132,600918,20200713,2020-07-13 11:30:00.000,19.77,20.21,19.75,20.05,33047281.0,661340807.0,20.011958230391176,3.758555133079848,3.842205323193917,3.754752851711027,3.811787072243346,3.8045547966523143
133,600918,20200713,2020-07-13 14:00:00.000,20.07,21.1,19.97,20.39,70618434.0,1455639566.0,20.6127420780812,3.815589353612168,4.011406844106465,3.796577946768061,3.876425855513309,3.9187722581903417
134,600918,20200713,2020-07-13 15:00:00.000,20.39,20.47,19.86,19.99,39153503.0,786074037.0,20.076723071240902,3.876425855513309,3.891634980988593,3.775665399239544,3.8003802281368815,3.8168675040381954
135,600918,20200714,2020-07-14 09:30:00.000,19.6,19.6,19.6,19.6,2102945.0,41217722.0,19.6,3.7262357414448672,3.7262357414448672,3.7262357414448672,3.7262357414448672,3.7262357414448672
136,600918,20200714,2020-07-14 10:30:00.000,19.6,20.85,19.35,20.65,78509502.0,1573513396.0,20.0423306213304,3.7262357414448672,3.9638783269961984,3.678707224334601,3.925855513307985,3.810329015462053
137,600918,20200714,2020-07-14 11:30:00.000,20.65,20.85,20.18,20.47,44595851.0,914704989.0,20.510988544651838,3.925855513307985,3.9638783269961984,3.836501901140685,3.891634980988593,3.899427479971832
138,600918,20200714,2020-07-14 14:00:00.000,20.48,20.55,19.7,20.32,29721940.0,599112304.0,20.15724087996948,3.893536121673004,3.906844106463879,3.7452471482889735,3.8631178707224336,3.832175072237544
139,600918,20200714,2020-07-14 15:00:00.000,20.33,21.3,20.16,20.98,69756949.0,1448537784.0,20.76549798644433,3.865019011406844,4.049429657794677,3.832699619771864,3.9885931558935366,3.947813305407668
140,600918,20200715,2020-07-15 09:30:00.000,21.5,21.5,21.5,21.5,2533600.0,54472400.0,21.5,4.08745247148289,4.08745247148289,4.08745247148289,4.08745247148289,4.08745247148289
141,600918,20200715,2020-07-15 10:30:00.000,21.7,22.55,20.64,21.9,129791078.0,2802767672.0,21.59445560657105,4.125475285171103,4.287072243346008,3.9239543726235744,4.163498098859315,4.10540981113518
142,600918,20200715,2020-07-15 11:30:00.000,21.95,22.3,21.42,21.92,48467182.0,1062041613.0,21.91259258687662,4.173003802281368,4.239543726235742,4.072243346007605,4.167300380228137,4.165892126782627
143,600918,20200715,2020-07-15 14:00:00.000,21.99,23.08,21.95,23.08,100437559.0,2298060142.0,22.88048579515956,4.180608365019012,4.387832699619771,4.173003802281368,4.387832699619771,4.349902242425772
144,600918,20200715,2020-07-15 15:00:00.000,23.08,23.08,21.5,21.63,66604923.0,1484800083.0,22.2926476921233,4.387832699619771,4.387832699619771,4.08745247148289,4.112167300380229,4.238145949072871
145,600918,20200716,2020-07-16 09:30:00.000,21.6,21.6,21.6,21.6,4142700.0,89482320.0,21.6,4.1064638783269976,4.1064638783269976,4.1064638783269976,4.1064638783269976,4.1064638783269976
146,600918,20200716,2020-07-16 10:30:00.000,21.25,21.48,19.63,20.45,98795760.0,2042781001.0,20.67680840756729,4.039923954372624,4.083650190114069,3.7319391634980974,3.887832699619772,3.930952168739029
147,600918,20200716,2020-07-16 11:30:00.000,20.48,21.1,20.1,20.56,29896801.0,616007658.0,20.60446728062979,3.893536121673004,4.011406844106465,3.8212927756654,3.9087452471482886,3.917199102781329
148,600918,20200716,2020-07-16 14:00:00.000,20.57,20.7,19.88,20.38,29049832.0,587754122.0,20.232616904634767,3.9106463878327,3.9353612167300382,3.779467680608365,3.8745247148288975,3.846505114949576
149,600918,20200716,2020-07-16 15:00:00.000,20.35,20.41,19.47,19.47,55168200.0,1083178918.0,19.634117444469823,3.868821292775666,3.8802281368821294,3.701520912547529,3.701520912547529,3.732721947617837
150,600918,20200717,2020-07-17 09:30:00.000,18.9,18.9,18.9,18.9,1557200.0,29431080.0,18.9,3.5931558935361214,3.5931558935361214,3.5931558935361214,3.5931558935361214,3.5931558935361214
151,600918,20200717,2020-07-17 10:30:00.000,19.0,19.15,17.52,18.27,90621356.0,1639858170.0,18.095714325881413,3.612167300380228,3.640684410646388,3.3307984790874525,3.473384030418252,3.4402498718405736
152,600918,20200717,2020-07-17 11:30:00.000,18.27,18.48,17.53,17.53,33484433.0,599257254.0,17.896592544959624,3.473384030418252,3.513307984790875,3.3326996197718635,3.3326996197718635,3.402394019954301
153,600918,20200717,2020-07-17 14:00:00.000,17.53,17.96,17.52,17.67,35955342.0,631628875.0,17.567038438961312,3.3326996197718635,3.414448669201521,3.3307984790874525,3.3593155893536126,3.339741148091504
154,600918,20200717,2020-07-17 15:00:00.000,17.7,17.77,17.52,17.52,18886050.0,332400312.0,17.600308799351907,3.365019011406844,3.3783269961977185,3.3307984790874525,3.3307984790874525,3.34606631166386
155,600918,20200720,2020-07-20 09:30:00.000,17.89,17.89,17.89,17.89,1935760.0,34630746.0,17.889999793362815,3.4011406844106467,3.4011406844106467,3.4011406844106467,3.4011406844106467,3.4011406451260107
156,600918,20200720,2020-07-20 10:30:00.000,17.91,18.09,17.44,17.67,55248937.0,982453523.0,17.78230634555014,3.404942965779468,3.4391634980988592,3.315589353612168,3.3593155893536126,3.3806666056178973
157,600918,20200720,2020-07-20 11:30:00.000,17.67,18.69,17.63,18.68,38984906.0,708857325.0,18.182866081554742,3.3593155893536126,3.5532319391634983,3.3517110266159693,3.5513307984790874,3.4568186466834114
158,600918,20200720,2020-07-20 14:00:00.000,18.74,18.78,18.06,18.14,26255108.0,483451073.0,18.413600622019917,3.562737642585552,3.5703422053231937,3.433460076045628,3.4486692015209126,3.5006845289011244
159,600918,20200720,2020-07-20 15:00:00.000,18.14,18.58,18.14,18.58,27503085.0,506291963.0,18.40855173156029,3.4486692015209126,3.5323193916349807,3.4486692015209126,3.5323193916349807,3.499724663794733
160,600918,20200721,2020-07-21 09:30:00.000,18.25,18.25,18.25,18.25,929000.0,16954250.0,18.25,3.46958174904943,3.46958174904943,3.46958174904943,3.46958174904943,3.46958174904943
161,600918,20200721,2020-07-21 10:30:00.000,18.27,18.49,18.02,18.2,42906899.0,781838367.0,18.22174021478457,3.473384030418252,3.515209125475285,3.425855513307985,3.4600760456273765,3.4642091663088546
162,600918,20200721,2020-07-21 11:30:00.000,18.21,18.32,17.6,17.85,28702862.0,514393913.0,17.921345718068114,3.4619771863117874,3.4828897338403038,3.3460076045627383,3.393536121673004,3.4070999464007823
163,600918,20200721,2020-07-21 14:00:00.000,17.85,17.89,17.58,17.74,19917206.0,353230545.0,17.734944600161292,3.393536121673004,3.4011406844106467,3.342205323193916,3.3726235741444865,3.371662471513553
164,600918,20200721,2020-07-21 15:00:00.000,17.75,17.89,17.51,17.8,24914102.0,441319232.0,17.713631902125147,3.374524714828897,3.4011406844106467,3.3288973384030425,3.3840304182509517,3.367610627780447
165,600918,20200722,2020-07-22 09:30:00.000,17.7,17.7,17.7,17.7,494500.0,8752650.0,17.7,3.365019011406844,3.365019011406844,3.365019011406844,3.365019011406844,3.365019011406844
166,600918,20200722,2020-07-22 10:30:00.000,17.66,18.47,17.66,18.47,47076081.0,850391081.0,18.06418595039804,3.3574144486692017,3.511406844106464,3.3574144486692017,3.511406844106464,3.4342558841060917
167,600918,20200722,2020-07-22 11:30:00.000,18.47,18.84,18.32,18.46,39173916.0,726555415.0,18.54691818402837,3.511406844106464,3.581749049429658,3.4828897338403038,3.5095057034220534,3.5260300730091965
168,600918,20200722,2020-07-22 14:00:00.000,18.45,18.47,18.05,18.15,19434175.0,354996129.0,18.266591146781376,3.5076045627376424,3.511406844106464,3.431558935361217,3.450570342205323,3.4727359594641407
169,600918,20200722,2020-07-22 15:00:00.000,18.15,18.33,17.76,17.88,27199464.0,489215443.0,17.986216309262566,3.450570342205323,3.4847908745247147,3.3764258555133084,3.399239543726236,3.4194327584149367
170,600918,20200723,2020-07-23 09:30:00.000,17.5,17.5,17.5,17.5,2188800.0,38304000.0,17.5,3.3269961977186315,3.3269961977186315,3.3269961977186315,3.3269961977186315,3.3269961977186315
171,600918,20200723,2020-07-23 10:30:00.000,17.48,17.96,17.26,17.38,44184351.0,775453981.0,17.55042143767145,3.3231939163498097,3.414448669201521,3.2813688212927765,3.304182509505704,3.3365820223709983
172,600918,20200723,2020-07-23 11:30:00.000,17.37,17.68,17.07,17.4,19121383.0,331768654.0,17.35066203108844,3.3022813688212933,3.3612167300380227,3.245247148288973,3.307984790874525,3.2986049488761293
173,600918,20200723,2020-07-23 14:00:00.000,17.41,17.84,17.28,17.8,15568631.0,273376396.0,17.559437050052768,3.309885931558936,3.3916349809885933,3.285171102661597,3.3840304182509517,3.3382960171202978
174,600918,20200723,2020-07-23 15:00:00.000,17.8,18.19,17.72,18.0,33172093.0,595035447.0,17.93783247261486,3.3840304182509517,3.458174904942966,3.368821292775665,3.4220532319391634,3.410234310383053
175,600918,20200724,2020-07-24 09:30:00.000,17.81,17.81,17.81,17.81,532700.0,9487387.0,17.81,3.3859315589353614,3.3859315589353614,3.3859315589353614,3.3859315589353614,3.3859315589353614
176,600918,20200724,2020-07-24 10:30:00.000,17.75,17.79,17.4,17.48,30809263.0,541745867.0,17.583863236196205,3.374524714828897,3.3821292775665404,3.307984790874525,3.3231939163498097,3.3429397787445256
177,600918,20200724,2020-07-24 11:30:00.000,17.48,17.49,16.91,16.93,25829371.0,444714669.0,17.217402196902125,3.3231939163498097,3.3250950570342206,3.2148288973384034,3.2186311787072244,3.273270379639188
178,600918,20200724,2020-07-24 14:00:00.000,16.92,16.92,16.34,16.55,29883835.0,496954907.0,16.629555979010053,3.2167300380228143,3.2167300380228143,3.106463878326996,3.14638783269962,3.161512543538034
179,600918,20200724,2020-07-24 15:00:00.000,16.56,16.69,16.2,16.22,41962655.0,686088280.0,16.349973089167026,3.1482889733840302,3.1730038022813694,3.079847908745247,3.0836501901140685,3.1083599028834645
180,600918,20200727,2020-07-27 09:30:00.000,16.36,16.36,16.36,16.36,420400.0,6877744.0,16.36,3.1102661596958177,3.1102661596958177,3.1102661596958177,3.1102661596958177,3.1102661596958177
181,600918,20200727,2020-07-27 10:30:00.000,16.37,16.53,15.9,16.04,25648743.0,417674284.0,16.28439584739104,3.1121673003802286,3.1425855513307988,3.022813688212928,3.049429657794677,3.0958927466522885
182,600918,20200727,2020-07-27 11:30:00.000,16.04,16.32,16.01,16.08,9352695.0,151089582.0,16.154657240506612,3.049429657794677,3.1026615969581752,3.0437262357414454,3.05703422053232,3.0712276122636144
183,600918,20200727,2020-07-27 14:00:00.000,16.07,16.36,15.71,16.24,22883635.0,366883260.0,16.032560386494538,3.055133079847909,3.1102661596958177,2.9866920152091256,3.087452471482889,3.048015282603525
184,600918,20200727,2020-07-27 15:00:00.000,16.23,16.34,16.03,16.34,13896450.0,225204599.0,16.2059086313411,3.0855513307984794,3.106463878326996,3.0475285171102664,3.106463878326996,3.0809712226884223
185,600918,20200728,2020-07-28 09:30:00.000,16.44,16.44,16.44,16.44,328200.0,5395608.0,16.44,3.125475285171103,3.125475285171103,3.125475285171103,3.125475285171103,3.125475285171103
186,600918,20200728,2020-07-28 10:30:00.000,16.45,16.75,16.23,16.74,30944410.0,509446445.0,16.46327866648613,3.127376425855513,3.1844106463878328,3.0855513307984794,3.182509505703422,3.129900887164664
187,600918,20200728,2020-07-28 11:30:00.000,16.73,16.96,16.61,16.64,23193086.0,389278928.0,16.784266138624243,3.180608365019012,3.2243346007604567,3.157794676806084,3.163498098859316,3.1909251214114533
188,600918,20200728,2020-07-28 14:00:00.000,16.64,16.7,16.44,16.59,12489430.0,206654208.0,16.546328215138722,3.163498098859316,3.1749049429657794,3.125475285171103,3.1539923954372626,3.1456897747412014
189,600918,20200728,2020-07-28 15:00:00.000,16.6,16.75,16.47,16.72,18772510.0,312067991.0,16.623668918008303,3.1558935361216736,3.1844106463878328,3.1311787072243344,3.1787072243346013,3.160393330419829
190,600918,20200729,2020-07-29 09:30:00.000,16.5,16.5,16.5,16.5,342100.0,5644650.0,16.5,3.136882129277567,3.136882129277567,3.136882129277567,3.136882129277567,3.136882129277567
191,600918,20200729,2020-07-29 10:30:00.000,16.51,17.58,16.42,17.51,56640588.0,972912647.0,17.17695174704048,3.1387832699619778,3.342205323193916,3.121673003802281,3.3288973384030425,3.2655801800457187
192,600918,20200729,2020-07-29 11:30:00.000,17.52,17.64,17.26,17.27,21394551.0,372898525.0,17.429602752588732,3.3307984790874525,3.3536121673003803,3.2813688212927765,3.2832699619771866,3.3136126906062238
193,600918,20200729,2020-07-29 14:00:00.000,17.28,17.4,17.13,17.23,12518172.0,216080154.0,17.261318505609285,3.285171102661597,3.307984790874525,3.2566539923954374,3.275665399239544,3.2816194877584195
194,600918,20200729,2020-07-29 15:00:00.000,17.24,17.48,17.17,17.47,21505883.0,373974694.0,17.389413585110642,3.2775665399239533,3.3231939163498097,3.2642585551330803,3.3212927756653987,3.305972164469704
195,600918,20200730,2020-07-30 09:30:00.000,17.4,17.4,17.4,17.4,579200.0,10078080.0,17.4,3.307984790874525,3.307984790874525,3.307984790874525,3.307984790874525,3.307984790874525
196,600918,20200730,2020-07-30 10:30:00.000,17.34,17.38,16.9,17.19,46968898.0,804273790.0,17.12353970919224,3.296577946768061,3.304182509505704,3.2129277566539924,3.2680608365019017,3.2554258002266616
197,600918,20200730,2020-07-30 11:30:00.000,17.19,17.26,17.04,17.14,10708400.0,183645114.0,17.14963150423966,3.2680608365019017,3.2813688212927765,3.2395437262357416,3.2585551330798483,3.2603862175360567
198,600918,20200730,2020-07-30 14:00:00.000,17.14,17.23,16.95,17.19,11651670.0,199042142.0,17.08271363675765,3.2585551330798483,3.275665399239544,3.2224334600760467,3.2680608365019017,3.247664189497652
199,600918,20200730,2020-07-30 15:00:00.000,17.22,17.23,16.9,16.91,19285583.0,327596088.0,16.986579456789038,3.273764258555133,3.275665399239544,3.2129277566539924,3.2148288973384034,3.2293877294275743
200,600918,20200731,2020-07-31 09:30:00.000,16.81,16.81,16.81,16.81,451100.0,7582991.0,16.81,3.1958174904942966,3.1958174904942966,3.1958174904942966,3.1958174904942966,3.1958174904942966
201,600918,20200731,2020-07-31 10:30:00.000,16.89,17.54,16.88,17.24,40388532.0,701183396.0,17.360952757579803,3.2110266159695824,3.334600760456273,3.2091254752851714,3.2775665399239533,3.300561360756616
202,600918,20200731,2020-07-31 11:30:00.000,17.23,17.28,16.87,17.04,19292455.0,329280197.0,17.067822472567645,3.275665399239544,3.285171102661597,3.207224334600761,3.2395437262357416,3.2448331696896666
203,600918,20200731,2020-07-31 14:00:00.000,17.05,17.16,17.0,17.05,7236613.0,123578941.0,17.076903380075734,3.2414448669201525,3.2623574144486693,3.2319391634980987,3.2414448669201525,3.2465595779611665
204,600918,20200731,2020-07-31 15:00:00.000,17.05,17.17,16.94,17.15,16750661.0,286561671.0,17.1074843553935,3.2414448669201525,3.2642585551330803,3.220532319391636,3.2604562737642584,3.2523734515957226
205,600918,20200803,2020-08-03 09:30:00.000,17.41,17.41,17.41,17.41,624000.0,10863840.0,17.41,3.309885931558936,3.309885931558936,3.309885931558936,3.309885931558936,3.309885931558936
206,600918,20200803,2020-08-03 10:30:00.000,17.46,17.56,17.05,17.15,33895061.0,584921563.0,17.256837596486402,3.3193916349809887,3.3384030418250954,3.2414448669201525,3.2604562737642584,3.2807676038947533
207,600918,20200803,2020-08-03 11:30:00.000,17.15,17.47,17.13,17.32,18865799.0,327006786.0,17.33331230763139,3.2604562737642584,3.3212927756653987,3.2566539923954374,3.2927756653992404,3.2953065223633824
208,600918,20200803,2020-08-03 14:00:00.000,17.33,17.49,17.28,17.34,12769087.0,221883569.0,17.376619722302774,3.29467680608365,3.3250950570342206,3.285171102661597,3.296577946768061,3.3035398711602237
209,600918,20200803,2020-08-03 15:00:00.000,17.35,18.52,17.3,18.38,61783236.0,1110555318.0,17.975026720840585,3.298479087452472,3.520912547528517,3.2889733840304185,3.494296577946768,3.417305460235853
210,600918,20200804,2020-08-04 09:30:00.000,18.01,18.01,18.01,18.01,995100.0,17921751.0,18.01,3.4239543726235744,3.4239543726235744,3.4239543726235744,3.4239543726235744,3.4239543726235744
211,600918,20200804,2020-08-04 10:30:00.000,18.03,18.3,17.88,18.01,42592348.0,770103519.0,18.08079514658361,3.4277566539923967,3.4790874524714828,3.399239543726236,3.4239543726235744,3.4374135259664653
212,600918,20200804,2020-08-04 11:30:00.000,18.0,18.45,17.97,18.08,23064067.0,419837989.0,18.20312042104283,3.4220532319391634,3.5076045627376424,3.4163498098859315,3.4372623574144483,3.4606692815670783
213,600918,20200804,2020-08-04 14:00:00.000,18.09,18.26,17.9,18.14,13910600.0,250680959.0,18.02085884145903,3.4391634980988592,3.471482889733841,3.4030418250950567,3.4486692015209126,3.4260187911519067
214,600918,20200804,2020-08-04 15:00:00.000,18.15,18.21,17.68,17.8,27590523.0,493289862.0,17.878960177739287,3.450570342205323,3.4619771863117874,3.3612167300380227,3.3840304182509517,3.3990418588857967
215,600918,20200805,2020-08-05 09:30:00.000,17.6,17.6,17.6,17.6,595800.0,10486080.0,17.6,3.3460076045627383,3.3460076045627383,3.3460076045627383,3.3460076045627383,3.3460076045627383
216,600918,20200805,2020-08-05 10:30:00.000,17.6,17.73,17.31,17.7,26010700.0,454572572.0,17.476368263829887,3.3460076045627383,3.3707224334600765,3.290874524714829,3.365019011406844,3.322503472211005
217,600918,20200805,2020-08-05 11:30:00.000,17.69,17.86,17.55,17.8,12035900.0,212959064.0,17.693655148347858,3.3631178707224336,3.3954372623574143,3.336501901140685,3.3840304182509517,3.3638127658456005
218,600918,20200805,2020-08-05 14:00:00.000,17.81,17.88,17.54,17.55,11453200.0,202388662.0,17.670927077148747,3.3859315589353614,3.399239543726236,3.334600760456273,3.336501901140685,3.3594918397621187
219,600918,20200805,2020-08-05 15:00:00.000,17.55,17.79,17.5,17.69,15830970.0,279273161.0,17.640938047384335,3.336501901140685,3.3821292775665404,3.3269961977186315,3.3631178707224336,3.3537905033050066
220,600918,20200806,2020-08-06 09:30:00.000,17.66,17.66,17.66,17.66,219700.0,3879902.0,17.66,3.3574144486692017,3.3574144486692017,3.3574144486692017,3.3574144486692017,3.3574144486692017
221,600918,20200806,2020-08-06 10:30:00.000,17.7,17.96,17.54,17.54,24772984.0,440289110.0,17.772954198815935,3.365019011406844,3.414448669201521,3.334600760456273,3.334600760456273,3.3788886309536
222,600918,20200806,2020-08-06 11:30:00.000,17.54,17.57,17.26,17.48,16174276.0,281402731.0,17.39816551912432,3.334600760456273,3.3403041825095063,3.2813688212927765,3.3231939163498097,3.307636030251772
223,600918,20200806,2020-08-06 14:00:00.000,17.49,17.52,17.25,17.32,10324767.0,179015007.0,17.33840647445119,3.3250950570342206,3.3307984790874525,3.279467680608365,3.2927756653992404,3.296274995142812
224,600918,20200806,2020-08-06 15:00:00.000,17.32,18.44,17.32,18.24,56921704.0,1026191809.0,18.02812876086773,3.2927756653992404,3.5057034220532324,3.2927756653992404,3.4676806083650185,3.4274009051079344
225,600918,20200807,2020-08-07 09:30:00.000,17.7,17.7,17.7,17.7,1242800.0,21997560.0,17.7,3.365019011406844,3.365019011406844,3.365019011406844,3.365019011406844,3.365019011406844
226,600918,20200807,2020-08-07 10:30:00.000,17.68,17.78,17.29,17.37,35799186.0,629168525.0,17.574939413426886,3.3612167300380227,3.3802281368821294,3.287072243346008,3.3022813688212933,3.341243234491804
227,600918,20200807,2020-08-07 11:30:00.000,17.38,17.53,17.29,17.31,12036700.0,209406485.0,17.39733357149385,3.304182509505704,3.3326996197718635,3.287072243346008,3.290874524714829,3.307477865303013
228,600918,20200807,2020-08-07 14:00:00.000,17.3,17.3,17.02,17.17,20449013.0,351105382.0,17.169796019005904,3.2889733840304185,3.2889733840304185,3.23574144486692,3.2642585551330803,3.264219775476408
229,600918,20200807,2020-08-07 15:00:00.000,17.17,18.09,17.16,17.35,29765569.0,524404301.0,17.617815436351982,3.2642585551330803,3.4391634980988592,3.2623574144486693,3.298479087452472,3.3493945696486658
230,600918,20200810,2020-08-10 09:30:00.000,17.08,17.08,17.08,17.08,413000.0,7054040.0,17.08,3.247148288973384,3.247148288973384,3.247148288973384,3.247148288973384,3.247148288973384
231,600918,20200810,2020-08-10 10:30:00.000,17.07,17.49,16.92,17.24,24499268.0,421041031.0,17.185861675540675,3.245247148288973,3.3250950570342206,3.2167300380228143,3.2775665399239533,3.2672740828024103
232,600918,20200810,2020-08-10 11:30:00.000,17.24,17.36,17.05,17.29,8142988.0,140398633.0,17.241660309458887,3.2775665399239533,3.3003802281368824,3.2414448669201525,3.287072243346008,3.2778821881100546
233,600918,20200810,2020-08-10 14:00:00.000,17.3,17.43,17.25,17.3,8369487.0,145162061.0,17.344200546580687,3.2889733840304185,3.3136882129277567,3.279467680608365,3.2889733840304185,3.2973765297681923
234,600918,20200810,2020-08-10 15:00:00.000,17.3,17.64,17.15,17.17,26290616.0,457568780.0,17.404262418195145,3.2889733840304185,3.3536121673003803,3.2604562737642584,3.2642585551330803,3.3087951365390014
235,600918,20200811,2020-08-11 09:30:00.000,17.1,17.1,17.1,17.1,495300.0,8469630.0,17.1,3.250950570342206,3.250950570342206,3.250950570342206,3.250950570342206,3.250950570342206
236,600918,20200811,2020-08-11 10:30:00.000,17.09,17.45,17.09,17.18,18981298.0,328542788.0,17.30876297290101,3.249049429657795,3.317490494296578,3.249049429657795,3.2661596958174908,3.2906393484602683
237,600918,20200811,2020-08-11 11:30:00.000,17.18,17.34,17.1,17.21,8344285.0,143265567.0,17.169304140498554,3.2661596958174908,3.296577946768061,3.250950570342206,3.2718631178707227,3.2641262624521974
238,600918,20200811,2020-08-11 14:00:00.000,17.21,17.31,17.15,17.18,5764416.0,99214168.0,17.211486471482974,3.2718631178707227,3.290874524714829,3.2604562737642584,3.2661596958174908,3.2721457170119725
239,600918,20200811,2020-08-11 15:00:00.000,17.18,17.24,16.36,16.39,38561114.0,643835362.0,16.696492793232064,3.2661596958174908,3.2775665399239533,3.1102661596958177,3.1159695817490496,3.174238173618263
240,600918,20200812,2020-08-12 09:30:00.000,16.27,16.27,16.27,16.27,413800.0,6732526.0,16.27,3.093155893536122,3.093155893536122,3.093155893536122,3.093155893536122,3.093155893536122
241,600918,20200812,2020-08-12 10:30:00.000,16.28,16.49,16.06,16.16,20219900.0,329215452.0,16.281754706996573,3.095057034220533,3.1349809885931563,3.0532319391634983,3.0722433460076046,3.0953906287065727
242,600918,20200812,2020-08-12 11:30:00.000,16.16,16.26,16.01,16.03,8367788.0,134925490.0,16.124391535732027,3.0722433460076046,3.091254752851712,3.0437262357414454,3.0475285171102664,3.065473675994681
243,600918,20200812,2020-08-12 14:00:00.000,16.02,16.11,15.79,16.0,14387743.0,229219967.0,15.93161394389655,3.0456273764258555,3.062737642585552,3.0019011406844105,3.0418250950570345,3.0288239437065685
244,600918,20200812,2020-08-12 15:00:00.000,16.0,16.28,15.98,16.2,12475728.0,201678614.0,16.165678988833356,3.0418250950570345,3.095057034220533,3.0380228136882126,3.079847908745247,3.0733230016793454
245,600918,20200813,2020-08-13 09:30:00.000,16.31,16.31,16.31,16.31,170500.0,2780855.0,16.31,3.1007604562737643,3.1007604562737643,3.1007604562737643,3.1007604562737643,3.1007604562737643
246,600918,20200813,2020-08-13 10:30:00.000,16.34,16.37,16.09,16.26,11725681.0,190476065.0,16.24434990172426,3.106463878326996,3.1121673003802286,3.0589353612167303,3.091254752851712,3.088279448997008
247,600918,20200813,2020-08-13 11:30:00.000,16.25,16.31,16.1,16.12,6293388.0,101913179.0,16.193690743364307,3.0893536121673004,3.1007604562737643,3.060836501901141,3.064638783269962,3.0786484302973967
248,600918,20200813,2020-08-13 14:00:00.000,16.11,16.65,16.1,16.54,18501957.0,304344315.0,16.44930398443797,3.062737642585552,3.165399239543726,3.060836501901141,3.1444866920152093,3.1272441035053182
249,600918,20200813,2020-08-13 15:00:00.000,16.55,16.56,16.33,16.41,14157513.0,232548868.0,16.425827615344588,3.14638783269962,3.1482889733840302,3.1045627376425853,3.1197718631178715,3.122780915464752
250,600918,20200814,2020-08-14 09:30:00.000,16.21,16.21,16.21,16.21,222400.0,3605104.0,16.21,3.081749049429658,3.081749049429658,3.081749049429658,3.081749049429658,3.081749049429658
251,600918,20200814,2020-08-14 10:30:00.000,16.22,16.45,16.18,16.33,10905602.0,177965293.0,16.318704185243508,3.0836501901140685,3.127376425855513,3.0760456273764265,3.1045627376425853,3.102415244342873
252,600918,20200814,2020-08-14 11:30:00.000,16.33,16.37,16.18,16.37,6927000.0,112567130.0,16.250487945719648,3.1045627376425853,3.1121673003802286,3.0760456273764265,3.1121673003802286,3.089446377513241
253,600918,20200814,2020-08-14 14:00:00.000,16.38,16.5,16.27,16.37,7136036.0,117039453.0,16.401185896483707,3.114068441064638,3.136882129277567,3.093155893536122,3.1121673003802286,3.118096178038728
254,600918,20200814,2020-08-14 15:00:00.000,16.37,16.54,16.34,16.48,14482654.0,238596530.0,16.47464131919467,3.1121673003802286,3.1444866920152093,3.106463878326996,3.1330798479087454,3.1320610872993666
255,600918,20200817,2020-08-17 09:30:00.000,16.83,16.83,16.83,16.83,627500.0,10560825.0,16.83,3.1996197718631176,3.1996197718631176,3.1996197718631176,3.1996197718631176,3.1996197718631176
256,600918,20200817,2020-08-17 10:30:00.000,16.83,17.23,16.78,17.09,36599263.0,620743302.0,16.960541036031245,3.1996197718631176,3.275665399239544,3.190114068441065,3.249049429657795,3.2244374593215297
257,600918,20200817,2020-08-17 11:30:00.000,17.09,17.6,17.08,17.49,24257037.0,421841405.0,17.39047539070827,3.249049429657795,3.3460076045627383,3.247148288973384,3.3250950570342206,3.3061740286517627
258,600918,20200817,2020-08-17 14:00:00.000,17.49,17.95,17.47,17.48,25407943.0,448741387.0,17.661460709353765,3.3250950570342206,3.4125475285171096,3.3212927756653987,3.3231939163498097,3.357692150067256
259,600918,20200817,2020-08-17 15:00:00.000,17.47,17.6,17.32,17.39,14979513.0,260783059.0,17.409314908969336,3.3212927756653987,3.3460076045627383,3.2927756653992404,3.3060836501901143,3.309755686115844
260,600918,20200818,2020-08-18 09:30:00.000,17.4,17.4,17.4,17.4,901600.0,15687840.0,17.4,3.307984790874525,3.307984790874525,3.307984790874525,3.307984790874525,3.307984790874525
261,600918,20200818,2020-08-18 10:30:00.000,17.35,17.39,17.03,17.23,25356089.0,435937531.0,17.19261716584131,3.298479087452472,3.3060836501901143,3.237642585551331,3.275665399239544,3.2685583965477774
262,600918,20200818,2020-08-18 11:30:00.000,17.23,17.26,17.08,17.22,8000583.0,137370104.0,17.170011735394784,3.275665399239544,3.2813688212927765,3.247148288973384,3.273764258555133,3.264260786196727
263,600918,20200818,2020-08-18 14:00:00.000,17.22,17.25,16.98,17.01,12133367.0,207425082.0,17.0954263560972,3.273764258555133,3.279467680608365,3.2281368821292777,3.2338403041825097,3.2500810562922435
264,600918,20200818,2020-08-18 15:00:00.000,17.01,17.14,16.98,17.09,13559765.0,231139234.0,17.04596163724076,3.2338403041825097,3.2585551330798483,3.2281368821292777,3.249049429657795,3.2406771173461526
265,600918,20200819,2020-08-19 09:30:00.000,17.01,17.01,17.01,17.01,128600.0,2187486.0,17.01,3.2338403041825097,3.2338403041825097,3.2338403041825097,3.2338403041825097,3.2338403041825097
266,600918,20200819,2020-08-19 10:30:00.000,17.01,17.09,16.87,16.87,14885731.0,252462062.0,16.960004315542182,3.2338403041825097,3.249049429657795,3.207224334600761,3.207224334600761,3.2243354212057374
267,600918,20200819,2020-08-19 11:30:00.000,16.87,17.05,16.77,16.97,9695741.0,163719173.0,16.885679289494224,3.207224334600761,3.2414448669201525,3.188212927756654,3.226235741444867,3.2102051881167726
268,600918,20200819,2020-08-19 14:00:00.000,16.98,17.18,16.87,16.9,10275316.0,175057251.0,17.036678093403648,3.2281368821292777,3.2661596958174908,3.207224334600761,3.2129277566539924,3.2389121850577283
269,600918,20200819,2020-08-19 15:00:00.000,16.89,16.98,16.61,16.66,15995206.0,268126940.0,16.762956350796607,3.2110266159695824,3.2281368821292777,3.157794676806084,3.167300380228137,3.1868738309499256
270,600918,20200820,2020-08-20 09:30:00.000,16.4,16.4,16.4,16.4,326500.0,5354600.0,16.4,3.11787072243346,3.11787072243346,3.11787072243346,3.11787072243346,3.11787072243346
271,600918,20200820,2020-08-20 10:30:00.000,16.41,16.63,16.35,16.41,12694327.0,208951149.0,16.460199032213367,3.1197718631178715,3.1615969581749046,3.1083650190114067,3.1197718631178715,3.129315405363758
272,600918,20200820,2020-08-20 11:30:00.000,16.41,16.56,16.33,16.4,6013421.0,98638257.0,16.403018681046944,3.1197718631178715,3.1482889733840302,3.1045627376425853,3.11787072243346,3.118444616168621
273,600918,20200820,2020-08-20 14:00:00.000,16.39,16.48,16.35,16.41,4711404.0,77226648.0,16.3914298158256,3.1159695817490496,3.1330798479087454,3.1083650190114067,3.1197718631178715,3.116241409852776
274,600918,20200820,2020-08-20 15:00:00.000,16.41,16.42,16.18,16.25,12753041.0,207765198.0,16.291423982719103,3.1197718631178715,3.121673003802281,3.0760456273764265,3.0893536121673004,3.097228894053061
275,600918,20200821,2020-08-21 09:30:00.000,16.39,16.39,16.39,16.39,118800.0,1947132.0,16.39,3.1159695817490496,3.1159695817490496,3.1159695817490496,3.1159695817490496,3.1159695817490496
276,600918,20200821,2020-08-21 10:30:00.000,16.42,16.67,16.39,16.46,13162501.0,217452833.0,16.52063183129103,3.121673003802281,3.1692015209125484,3.1159695817490496,3.1292775665399244,3.140804530663694
277,600918,20200821,2020-08-21 11:30:00.000,16.46,16.54,16.35,16.49,4440461.0,73004994.0,16.440859181062507,3.1292775665399244,3.1444866920152093,3.1083650190114067,3.1349809885931563,3.125638627578424
278,600918,20200821,2020-08-21 14:00:00.000,16.49,16.52,16.35,16.37,3996600.0,65611381.0,16.41679952960016,3.1349809885931563,3.140684410646388,3.1083650190114067,3.1121673003802286,3.121064549353642
279,600918,20200821,2020-08-21 15:00:00.000,16.37,16.5,16.21,16.43,9670500.0,158213915.0,16.360468951967324,3.1121673003802286,3.136882129277567,3.081749049429658,3.123574144486692,3.110355314062229
280,600918,20200824,2020-08-24 09:30:00.000,16.48,16.48,16.48,16.48,142500.0,2348400.0,16.48,3.1330798479087454,3.1330798479087454,3.1330798479087454,3.1330798479087454,3.1330798479087454
281,600918,20200824,2020-08-24 10:30:00.000,16.49,16.52,16.23,16.42,10088673.0,165141206.28,16.36897204221011,3.1349809885931563,3.140684410646388,3.0855513307984794,3.121673003802281,3.1119718711426065
282,600918,20200824,2020-08-24 11:30:00.000,16.42,16.42,16.28,16.36,4559896.0,74499510.58,16.337984589999422,3.121673003802281,3.121673003802281,3.095057034220533,3.1102661596958177,3.10608072053221
283,600918,20200824,2020-08-24 14:00:00.000,16.35,16.48,16.32,16.45,4232400.0,69410553.0,16.399809328040828,3.1083650190114067,3.1330798479087454,3.1026615969581752,3.127376425855513,3.1178344730115644
284,600918,20200824,2020-08-24 15:00:00.000,16.45,16.48,16.31,16.35,7705200.0,126200140.0,16.378567720500442,3.127376425855513,3.1330798479087454,3.1007604562737643,3.1083650190114067,3.113796144581833
285,600918,20200825,2020-08-25 09:30:00.000,16.35,16.35,16.35,16.35,61000.0,997350.0,16.35,3.1083650190114067,3.1083650190114067,3.1083650190114067,3.1083650190114067,3.1083650190114067
286,600918,20200825,2020-08-25 10:30:00.000,16.38,16.6,16.38,16.41,11146076.0,183880529.93,16.497333225612312,3.114068441064638,3.1558935361216736,3.114068441064638,3.1197718631178715,3.1363751379491096
287,600918,20200825,2020-08-25 11:30:00.000,16.41,16.45,16.3,16.37,6249204.0,102257548.32,16.363291760038553,3.1197718631178715,3.127376425855513,3.0988593155893533,3.1121673003802286,3.11089196958908
288,600918,20200825,2020-08-25 14:00:00.000,16.37,16.39,16.28,16.28,5269600.0,85997698.03,16.319587450660393,3.1121673003802286,3.1159695817490496,3.095057034220533,3.095057034220533,3.102583165524789
289,600918,20200825,2020-08-25 15:00:00.000,16.28,16.48,16.27,16.35,8189712.0,134087232.54,16.372643206501035,3.095057034220533,3.1330798479087454,3.093155893536122,3.1083650190114067,3.1126698111218705
290,600918,20200826,2020-08-26 09:30:00.000,16.35,16.35,16.35,16.35,118700.0,1940745.0,16.35,3.1083650190114067,3.1083650190114067,3.1083650190114067,3.1083650190114067,3.1083650190114067
291,600918,20200826,2020-08-26 10:30:00.000,16.34,16.39,16.16,16.27,8925370.0,145130358.97,16.260430544616078,3.106463878326996,3.1159695817490496,3.0722433460076046,3.093155893536122,3.09133660544032
292,600918,20200826,2020-08-26 11:30:00.000,16.28,16.34,15.81,15.83,15334273.0,245233063.53,15.992480604069067,3.095057034220533,3.106463878326996,3.0057034220532324,3.0095057034220534,3.040395552104385
293,600918,20200826,2020-08-26 14:00:00.000,15.83,16.03,15.8,15.82,10345649.0,164234904.55,15.874780262697875,3.0095057034220534,3.0475285171102664,3.003802281368821,3.0076045627376438,3.0180190613494062
294,600918,20200826,2020-08-26 15:00:00.000,15.8,15.88,15.68,15.71,12215791.0,192682824.19,15.773258087830742,3.003802281368821,3.0190114068441067,2.9809885931558937,2.9866920152091256,2.9987182676484303
295,600918,20200827,2020-08-27 09:30:00.000,15.71,15.71,15.71,15.71,87673.0,1377342.83,15.71,2.9866920152091256,2.9866920152091256,2.9866920152091256,2.9866920152091256,2.9866920152091256
296,600918,20200827,2020-08-27 10:30:00.000,15.76,15.76,15.15,15.32,19687787.0,302565266.38,15.368170449019996,2.9961977186311786,2.9961977186311786,2.8802281368821294,2.9125475285171105,2.9217054085589345
297,600918,20200827,2020-08-27 11:30:00.000,15.32,15.54,15.2,15.52,7462456.0,114890250.23,15.395769198505151,2.9125475285171105,2.9543726235741445,2.8897338403041823,2.950570342205323,2.9269523191074445
298,600918,20200827,2020-08-27 14:00:00.000,15.52,15.67,15.4,15.51,6329726.0,98432192.44,15.550782520444011,2.950570342205323,2.9790874524714828,2.9277566539923967,2.9486692015209126,2.9564225324038054
299,600918,20200827,2020-08-27 15:00:00.000,15.5,15.58,15.42,15.54,7377878.0,114334236.18,15.496899810487516,2.9467680608365017,2.9619771863117874,2.931558935361217,2.9543726235741445,2.9461786711953453
300,600918,20200828,2020-08-28 09:30:00.000,15.55,15.55,15.55,15.55,141300.0,2197215.0,15.55,2.9562737642585555,2.9562737642585555,2.9562737642585555,2.9562737642585555,2.9562737642585555
301,600918,20200828,2020-08-28 10:30:00.000,15.5,15.68,15.43,15.44,8843124.0,137566698.76,15.556346236918086,2.9467680608365017,2.9809885931558937,2.933460076045628,2.9353612167300382,2.9574802731783434
302,600918,20200828,2020-08-28 11:30:00.000,15.44,15.57,15.44,15.53,3749857.0,58115071.61,15.497943417575655,2.9353612167300382,2.9600760456273765,2.9353612167300382,2.952471482889734,2.9463770755847256
303,600918,20200828,2020-08-28 14:00:00.000,15.52,15.77,15.42,15.77,9372104.0,145874644.57,15.564770148730746,2.950570342205323,2.998098859315589,2.931558935361217,2.998098859315589,2.9590817773252365
304,600918,20200828,2020-08-28 15:00:00.000,15.79,16.27,15.71,16.07,30124787.0,483697834.92,16.056473193320837,3.0019011406844105,3.093155893536122,2.9866920152091256,3.055133079847909,3.0525614435971176
305,600918,20200831,2020-08-31 09:30:00.000,16.12,16.12,16.12,16.12,410800.0,6622096.0,16.12,3.064638783269962,3.064638783269962,3.064638783269962,3.064638783269962,3.064638783269962
306,600918,20200831,2020-08-31 10:30:00.000,16.11,16.42,16.01,16.38,21311339.0,346198041.67,16.244781318996427,3.062737642585552,3.121673003802281,3.0437262357414454,3.114068441064638,3.0883614674898148
307,600918,20200831,2020-08-31 11:30:00.000,16.38,16.45,16.22,16.27,10130508.0,165718392.85,16.358349734287756,3.114068441064638,3.127376425855513,3.0836501901140685,3.093155893536122,3.109952420967254
308,600918,20200831,2020-08-31 14:00:00.000,16.29,16.3,16.11,16.17,5544829.0,89780470.34,16.191747363173867,3.0969581749049437,3.0988593155893533,3.062737642585552,3.074144486692016,3.0782789663828654
309,600918,20200831,2020-08-31 15:00:00.000,16.17,16.17,15.89,15.89,10829966.0,173564726.18,16.0263408195372,3.074144486692016,3.074144486692016,3.020912547528517,3.020912547528517,3.0468328554253232
