,date,open,high,low,close,adjcp,volume,tic,day
52586,2019-03-20,52.75,53.5,49.5,49.79999923706055,41.921730041503906,2350800,DOW,2
52616,2019-03-21,49.9900016784668,50.0,48.20000076293945,48.97999954223633,41.23145294189453,1764700,DOW,3
52646,2019-03-22,48.79999923706055,49.95000076293945,48.15999984741211,48.599998474121094,40.91156768798828,844700,DOW,4
52676,2019-03-25,48.599998474121094,49.400001525878906,48.0,49.150001525878906,41.37456130981445,440900,DOW,0
52706,2019-03-26,49.0,49.75,48.18000030517578,48.849998474121094,41.122013092041016,504700,DOW,1
52736,2019-03-27,49.0,50.779998779296875,49.0,50.099998474121094,42.17428207397461,1788600,DOW,2
52766,2019-03-28,50.900001525878906,51.0,49.915000915527344,50.849998474121094,42.80562210083008,585400,DOW,3
52796,2019-03-29,49.52000045776367,52.47999954223633,49.18000030517578,51.630001068115234,43.46223068237305,1769000,DOW,4
52826,2019-04-01,52.29999923706055,54.38999938964844,51.25,53.5,45.03639602661133,19663400,DOW,0
52856,2019-04-02,55.119998931884766,57.38999938964844,54.29999923706055,56.25,47.35135269165039,17414200,DOW,1
52886,2019-04-03,57.08000183105469,57.20000076293945,55.5099983215332,56.880001068115234,47.88169479370117,15066200,DOW,2
52916,2019-04-04,57.20000076293945,60.52000045776367,57.099998474121094,59.709999084472656,50.26398849487305,13309200,DOW,3
52946,2019-04-05,58.38999938964844,58.97999954223633,56.27000045776367,57.2400016784668,48.18474197387695,17000800,DOW,4
52976,2019-04-08,56.5,58.38999938964844,56.27000045776367,57.150001525878906,48.108978271484375,10764600,DOW,0
53006,2019-04-09,56.79999923706055,57.20000076293945,56.08000183105469,56.27000045776367,47.368186950683594,9179900,DOW,1
53036,2019-04-10,55.9900016784668,56.40999984741211,55.099998474121094,55.709999084472656,46.89677429199219,9081900,DOW,2
53066,2019-04-11,55.70000076293945,56.209999084472656,54.83000183105469,54.88999938964844,46.206504821777344,7346100,DOW,3
53096,2019-04-12,55.93000030517578,58.33000183105469,55.93000030517578,58.29999923706055,49.07704162597656,9281700,DOW,4
53126,2019-04-15,58.56999969482422,58.849998474121094,57.290000915527344,57.779998779296875,48.63931655883789,5727300,DOW,0
53156,2019-04-16,58.709999084472656,58.9900016784668,57.84000015258789,58.5,49.24541473388672,6681600,DOW,1
53186,2019-04-17,58.95000076293945,59.04999923706055,58.20000076293945,58.31999969482422,49.0938835144043,6420700,DOW,2
53216,2019-04-18,58.36000061035156,58.61000061035156,57.54999923706055,57.77000045776367,48.63089370727539,5178800,DOW,3
53246,2019-04-22,57.47999954223633,58.40999984741211,57.2599983215332,57.88999938964844,48.731910705566406,4401700,DOW,0
53276,2019-04-23,57.290000915527344,57.84000015258789,57.0,57.63999938964844,48.52145004272461,5687200,DOW,1
53306,2019-04-24,57.4900016784668,57.88999938964844,55.8650016784668,55.97999954223633,47.12406539916992,5431300,DOW,2
53336,2019-04-25,55.7599983215332,55.97999954223633,54.81999969482422,55.33000183105469,46.5768928527832,6260500,DOW,3
53366,2019-04-26,55.29999923706055,55.599998474121094,54.95000076293945,55.25,46.509552001953125,4009800,DOW,4
53396,2019-04-29,55.04999923706055,55.685001373291016,54.79999923706055,55.5,46.72000503540039,5935200,DOW,0
53426,2019-04-30,55.7599983215332,57.20500183105469,55.599998474121094,56.72999954223633,47.75541687011719,6454100,DOW,1
53456,2019-05-01,56.81999969482422,57.47999954223633,55.880001068115234,56.130001068115234,47.250343322753906,7644400,DOW,2
53486,2019-05-02,55.540000915527344,56.4900016784668,52.029998779296875,52.70000076293945,44.36296081542969,13932700,DOW,3
53516,2019-05-03,53.20000076293945,53.349998474121094,51.720001220703125,53.29999923706055,44.86803436279297,7401700,DOW,4
53546,2019-05-06,52.150001525878906,54.029998779296875,51.70000076293945,53.459999084472656,45.00273513793945,6089500,DOW,0
53576,2019-05-07,52.86000061035156,53.32500076293945,52.650001525878906,52.95000076293945,44.57340621948242,7330800,DOW,1
53606,2019-05-08,53.33000183105469,53.39500045776367,52.310001373291016,52.47999954223633,44.177757263183594,5390700,DOW,2
53636,2019-05-09,52.2599983215332,53.13999938964844,51.54999923706055,52.93000030517578,44.55657196044922,4579700,DOW,3
53666,2019-05-10,52.939998626708984,53.7140007019043,52.4900016784668,53.06999969482422,44.67442321777344,4758100,DOW,4
53696,2019-05-13,52.279998779296875,52.54999923706055,50.7599983215332,50.95000076293945,42.889808654785156,4213100,DOW,0
53726,2019-05-14,51.33000183105469,53.0,50.84000015258789,52.47999954223633,44.177757263183594,4204500,DOW,1
53756,2019-05-15,51.97999954223633,53.32500076293945,51.66999816894531,52.95000076293945,44.57340621948242,2928700,DOW,2
53786,2019-05-16,53.290000915527344,53.54999923706055,52.72999954223633,52.97999954223633,44.59865951538086,3689700,DOW,3
53816,2019-05-17,52.34000015258789,52.52000045776367,50.65999984741211,50.79999923706055,42.76353454589844,4440800,DOW,4
53846,2019-05-20,50.400001525878906,50.540000915527344,49.91999816894531,50.08000183105469,42.15743637084961,5168400,DOW,0
53876,2019-05-21,50.279998779296875,51.189998626708984,50.02000045776367,50.630001068115234,42.620426177978516,4968400,DOW,1
53906,2019-05-22,50.459999084472656,50.61000061035156,49.96500015258789,50.209999084472656,42.26687240600586,3019100,DOW,2
53936,2019-05-23,49.5,49.86000061035156,48.209999084472656,48.709999084472656,41.00416946411133,4919200,DOW,3
53966,2019-05-24,49.38999938964844,49.57500076293945,48.439998626708984,49.20000076293945,41.416648864746094,2918900,DOW,4
53996,2019-05-28,49.369998931884766,49.43000030517578,48.099998474121094,48.560001373291016,40.87789535522461,6613000,DOW,1
54026,2019-05-29,48.20000076293945,49.43000030517578,48.0099983215332,48.709999084472656,41.00416946411133,3525900,DOW,2
54056,2019-05-30,48.119998931884766,48.59000015258789,48.02000045776367,48.470001220703125,41.39704132080078,3777600,DOW,3
54086,2019-05-31,47.959999084472656,48.0,46.75,46.7599983215332,39.93656539916992,3396900,DOW,4
54116,2019-06-03,46.849998474121094,47.959999084472656,46.849998474121094,47.959999084472656,40.961456298828125,5905200,DOW,0
54146,2019-06-04,48.68000030517578,49.93000030517578,48.63999938964844,49.93000030517578,42.64399337768555,7043000,DOW,1
54176,2019-06-05,50.4900016784668,50.56999969482422,49.04999923706055,50.34000015258789,42.994163513183594,6413300,DOW,2
54206,2019-06-06,50.279998779296875,51.310001373291016,50.150001525878906,51.060001373291016,43.609100341796875,6228100,DOW,3
54236,2019-06-07,51.130001068115234,51.689998626708984,50.869998931884766,51.29999923706055,43.81407928466797,5391100,DOW,4
54266,2019-06-10,51.720001220703125,52.099998474121094,51.58000183105469,51.619998931884766,44.087379455566406,5434400,DOW,0
54296,2019-06-11,52.0,52.16999816894531,51.560001373291016,52.040000915527344,44.44609069824219,5144300,DOW,1
54326,2019-06-12,52.060001373291016,52.63999938964844,51.68000030517578,52.4900016784668,44.83042907714844,3103900,DOW,2
54356,2019-06-13,52.68000030517578,52.95000076293945,52.040000915527344,52.880001068115234,45.163516998291016,4179800,DOW,3
54386,2019-06-14,52.630001068115234,52.689998626708984,51.0,51.150001525878906,43.68596649169922,3919300,DOW,4
54416,2019-06-17,50.060001373291016,50.33000183105469,49.04999923706055,49.349998474121094,42.148624420166016,5787300,DOW,0
54446,2019-06-18,49.75,50.56999969482422,49.400001525878906,49.61000061035156,42.37069320678711,5014200,DOW,1
54476,2019-06-19,49.95000076293945,50.2400016784668,48.33000183105469,48.5,41.42266082763672,5404000,DOW,2
54506,2019-06-20,49.095001220703125,49.59000015258789,48.619998931884766,48.93000030517578,41.7899169921875,4228300,DOW,3
54536,2019-06-21,48.81999969482422,49.27000045776367,48.310001373291016,48.36000061035156,41.303096771240234,9478500,DOW,4
54566,2019-06-24,48.5099983215332,49.70000076293945,48.31999969482422,49.58000183105469,42.34506607055664,4602300,DOW,0
54596,2019-06-25,49.4900016784668,50.222999572753906,49.04999923706055,49.689998626708984,42.43901824951172,4005200,DOW,1
54626,2019-06-26,49.849998474121094,51.220001220703125,49.810001373291016,50.45000076293945,43.088111877441406,5244400,DOW,2
54656,2019-06-27,50.61000061035156,51.13999938964844,50.53099822998047,50.90999984741211,43.480987548828125,4097200,DOW,3
54686,2019-06-28,51.040000915527344,51.20000076293945,49.08000183105469,49.310001373291016,42.114463806152344,6507400,DOW,4
54716,2019-07-01,50.0,50.20000076293945,49.52000045776367,50.15999984741211,42.840431213378906,4641700,DOW,0
54746,2019-07-02,50.0,50.060001373291016,48.7599983215332,49.400001525878906,42.19133377075195,4725800,DOW,1
54776,2019-07-03,49.459999084472656,49.650001525878906,49.20000076293945,49.33000183105469,42.13154602050781,2479400,DOW,2
54806,2019-07-05,49.0099983215332,49.369998931884766,48.959999084472656,49.310001373291016,42.114463806152344,2529800,DOW,4
54836,2019-07-08,49.34000015258789,49.5,48.3849983215332,48.52000045776367,41.43973922729492,5936000,DOW,0
54866,2019-07-09,48.29999923706055,48.43000030517578,47.5,47.869998931884766,40.88459777832031,4967400,DOW,1
54896,2019-07-10,48.34000015258789,48.41999816894531,47.52000045776367,47.54999923706055,40.61129379272461,3507400,DOW,2
54926,2019-07-11,47.72999954223633,48.060001373291016,47.18000030517578,47.779998779296875,40.8077278137207,4202000,DOW,3
54956,2019-07-12,48.459999084472656,50.040000915527344,48.08000183105469,49.709999084472656,42.45609664916992,4328400,DOW,4
54986,2019-07-15,49.77000045776367,50.95000076293945,49.65999984741211,50.93000030517578,43.49806213378906,4923800,DOW,0
55016,2019-07-16,50.95000076293945,52.64500045776367,50.95000076293945,52.31999969482422,44.68523025512695,6011200,DOW,1
55046,2019-07-17,52.15999984741211,52.29999923706055,51.22999954223633,51.599998474121094,44.07029724121094,4417500,DOW,2
55076,2019-07-18,51.54999923706055,52.04999923706055,51.279998779296875,51.75,44.19841003417969,3620300,DOW,3
55106,2019-07-19,51.77000045776367,51.83000183105469,51.5,51.52000045776367,44.00197219848633,3221500,DOW,4
55136,2019-07-22,51.50400161743164,51.56999969482422,50.599998474121094,50.880001068115234,43.45536804199219,2814900,DOW,0
55166,2019-07-23,51.0,52.900001525878906,50.95000076293945,52.619998931884766,44.94145202636719,4387700,DOW,1
55196,2019-07-24,52.5,52.9900016784668,52.040000915527344,52.790000915527344,45.08665084838867,3516400,DOW,2
55226,2019-07-25,51.63999938964844,51.9900016784668,50.29999923706055,50.77000045776367,43.36141586303711,4254600,DOW,3
55256,2019-07-26,50.27000045776367,50.29999923706055,48.91999816894531,49.11000061035156,41.94365310668945,5066000,DOW,4
55286,2019-07-29,48.52000045776367,48.880001068115234,47.97999954223633,48.04999923706055,41.038326263427734,4219800,DOW,0
55316,2019-07-30,47.779998779296875,48.439998626708984,47.779998779296875,48.400001525878906,41.337257385253906,4194300,DOW,1
55346,2019-07-31,48.4900016784668,49.43000030517578,47.95000076293945,48.439998626708984,41.37141418457031,5188500,DOW,2
55376,2019-08-01,48.150001525878906,48.599998474121094,46.779998779296875,46.849998474121094,40.013431549072266,5803200,DOW,3
55406,2019-08-02,46.689998626708984,47.5,45.369998931884766,45.599998474121094,38.94584274291992,5346400,DOW,4
55436,2019-08-05,45.060001373291016,45.130001068115234,44.06999969482422,44.77000045776367,38.236961364746094,5147300,DOW,0
55466,2019-08-06,45.11000061035156,45.45000076293945,43.73500061035156,44.43000030517578,37.94657897949219,4702800,DOW,1
55496,2019-08-07,44.099998474121094,45.0,43.90999984741211,44.88999938964844,38.33945083618164,4490100,DOW,2
55526,2019-08-08,45.196998596191406,46.81999969482422,45.189998626708984,46.790000915527344,39.96219253540039,4573400,DOW,3
55556,2019-08-09,46.41999816894531,46.9900016784668,46.099998474121094,46.63999938964844,39.83407974243164,4468000,DOW,4
55586,2019-08-12,46.38999938964844,46.79999923706055,45.52000045776367,45.689998626708984,39.022708892822266,4491600,DOW,0
55616,2019-08-13,45.779998779296875,47.7599983215332,45.58000183105469,46.849998474121094,40.013431549072266,5407300,DOW,1
55646,2019-08-14,45.79999923706055,46.150001525878906,44.0,44.08000183105469,37.64765548706055,6178300,DOW,2
55676,2019-08-15,44.34000015258789,44.369998931884766,42.959999084472656,43.380001068115234,37.0497932434082,3494600,DOW,3
55706,2019-08-16,43.290000915527344,44.810001373291016,42.77000045776367,44.5099983215332,38.0149040222168,4586000,DOW,4
55736,2019-08-19,45.36000061035156,45.862998962402344,45.150001525878906,45.599998474121094,38.94584274291992,3615500,DOW,0
55766,2019-08-20,45.25,45.25,43.06999969482422,43.15999984741211,36.861900329589844,5972800,DOW,1
55796,2019-08-21,43.849998474121094,44.2400016784668,43.2400016784668,43.279998779296875,36.96438217163086,4397800,DOW,2
55826,2019-08-22,43.31999969482422,43.900001525878906,42.02000045776367,42.04999923706055,35.91387939453125,6072100,DOW,3
55856,2019-08-23,42.0,42.02000045776367,40.439998626708984,40.709999084472656,34.76941680908203,6696800,DOW,4
55886,2019-08-26,41.27000045776367,41.349998474121094,40.61000061035156,40.81999969482422,34.86336898803711,3402400,DOW,0
55916,2019-08-27,41.189998626708984,41.72999954223633,40.91899871826172,41.16999816894531,35.16228485107422,4152200,DOW,1
55946,2019-08-28,41.150001525878906,42.63999938964844,40.7599983215332,42.52000045776367,36.31528854370117,4539300,DOW,2
55976,2019-08-29,42.33000183105469,43.0,42.209999084472656,42.369998931884766,36.79289245605469,3292500,DOW,3
56006,2019-08-30,42.83000183105469,43.0,42.27000045776367,42.630001068115234,37.0186767578125,4099200,DOW,4
56036,2019-09-03,42.13999938964844,42.22999954223633,41.150001525878906,41.79999923706055,36.29792022705078,3343300,DOW,1
56066,2019-09-04,42.59000015258789,42.790000915527344,41.849998474121094,42.540000915527344,36.940521240234375,2651400,DOW,2
56096,2019-09-05,43.150001525878906,43.970001220703125,43.09000015258789,43.36000061035156,37.652587890625,4041400,DOW,3
56126,2019-09-06,43.540000915527344,43.65999984741211,42.65999984741211,43.2400016784668,37.54838180541992,3217900,DOW,4
56156,2019-09-09,43.529998779296875,44.62699890136719,43.2599983215332,44.45000076293945,38.59910202026367,3848000,DOW,0
56186,2019-09-10,45.099998474121094,46.369998931884766,44.779998779296875,46.31999969482422,40.222957611083984,4704000,DOW,1
56216,2019-09-11,46.52000045776367,47.04999923706055,45.58000183105469,46.880001068115234,40.70925521850586,4445000,DOW,2
56246,2019-09-12,47.06999969482422,47.189998626708984,45.56999969482422,46.970001220703125,40.78740692138672,3649700,DOW,3
56276,2019-09-13,47.63999938964844,48.439998626708984,47.25,48.20000076293945,41.855499267578125,4027600,DOW,4
56306,2019-09-16,48.689998626708984,49.97999954223633,48.279998779296875,49.0099983215332,42.55888366699219,5040600,DOW,0
56336,2019-09-17,48.66999816894531,49.09000015258789,47.61000061035156,48.0,41.68182373046875,3741900,DOW,1
56366,2019-09-18,47.900001525878906,47.900001525878906,47.02000045776367,47.5099983215332,41.25632858276367,2588200,DOW,2
56396,2019-09-19,48.119998931884766,48.40999984741211,47.4900016784668,47.63999938964844,41.36921310424805,2418300,DOW,3
56426,2019-09-20,47.470001220703125,48.849998474121094,47.06999969482422,48.209999084472656,41.86418151855469,10570400,DOW,4
56456,2019-09-23,47.38999938964844,48.21500015258789,47.119998931884766,47.90999984741211,41.603675842285156,3599400,DOW,0
56486,2019-09-24,47.779998779296875,48.0,45.95000076293945,46.599998474121094,40.466102600097656,4515300,DOW,1
56516,2019-09-25,46.54999923706055,47.970001220703125,46.130001068115234,47.68000030517578,41.4039421081543,4396200,DOW,2
56546,2019-09-26,47.5099983215332,47.689998626708984,46.933998107910156,47.22999954223633,41.01318359375,2994200,DOW,3
56576,2019-09-27,47.400001525878906,47.880001068115234,47.0099983215332,47.06999969482422,40.874244689941406,3722300,DOW,4
56606,2019-09-30,47.2599983215332,47.790000915527344,47.11000061035156,47.650001525878906,41.377899169921875,2512200,DOW,0
56636,2019-10-01,47.939998626708984,48.56999969482422,45.900001525878906,45.970001220703125,39.919036865234375,3838400,DOW,1
56666,2019-10-02,44.66999816894531,45.16999816894531,44.36000061035156,44.93000030517578,39.015933990478516,4759500,DOW,2
56696,2019-10-03,44.849998474121094,45.38999938964844,44.369998931884766,45.310001373291016,39.345909118652344,3422400,DOW,3
56726,2019-10-04,45.18000030517578,45.779998779296875,45.0099983215332,45.34000015258789,39.37196350097656,3512300,DOW,4
56756,2019-10-07,45.08000183105469,45.77000045776367,44.76499938964844,45.16999816894531,39.224334716796875,2977900,DOW,0
56786,2019-10-08,44.75,45.04999923706055,43.83000183105469,43.849998474121094,38.07808303833008,2985900,DOW,1
56816,2019-10-09,44.38999938964844,44.540000915527344,44.0,44.0099983215332,38.21702575683594,2844600,DOW,2
56846,2019-10-10,44.33000183105469,45.290000915527344,44.02000045776367,44.91999816894531,39.007240295410156,4325000,DOW,3
56876,2019-10-11,45.75,47.720001220703125,45.50299835205078,47.130001068115234,40.92634582519531,3675700,DOW,4
56906,2019-10-14,46.720001220703125,47.27000045776367,46.2400016784668,46.81999969482422,40.65715026855469,3196500,DOW,0
56936,2019-10-15,46.81999969482422,48.099998474121094,46.529998779296875,47.20000076293945,40.98712921142578,3216800,DOW,1
56966,2019-10-16,47.4900016784668,47.91999816894531,47.0099983215332,47.119998931884766,40.917659759521484,3626900,DOW,2
56996,2019-10-17,47.439998626708984,48.540000915527344,47.13999938964844,47.810001373291016,41.516845703125,2724400,DOW,3
57026,2019-10-18,47.90999984741211,48.191001892089844,47.36000061035156,47.959999084472656,41.64708709716797,2757600,DOW,4
57056,2019-10-21,48.59000015258789,48.970001220703125,47.09000015258789,47.119998931884766,40.917659759521484,3967000,DOW,0
57086,2019-10-22,47.08000183105469,47.38399887084961,46.02000045776367,46.81999969482422,40.65715026855469,4645400,DOW,1
57116,2019-10-23,46.779998779296875,47.5099983215332,46.54999923706055,47.22999954223633,41.01318359375,4152000,DOW,2
57146,2019-10-24,48.650001525878906,49.9900016784668,47.84000015258789,49.470001220703125,42.958335876464844,6098900,DOW,3
57176,2019-10-25,49.779998779296875,50.7599983215332,48.900001525878906,50.47999954223633,43.83538818359375,5361100,DOW,4
57206,2019-10-28,50.75,51.439998626708984,50.43000030517578,51.209999084472656,44.469295501708984,4504100,DOW,0
57236,2019-10-29,50.959999084472656,51.630001068115234,50.369998931884766,51.4900016784668,44.71244430541992,3462100,DOW,1
57266,2019-10-30,51.20000076293945,51.470001220703125,50.33000183105469,51.029998779296875,44.31298828125,3602100,DOW,2
57296,2019-10-31,50.880001068115234,51.029998779296875,49.709999084472656,50.4900016784668,43.84407424926758,3744000,DOW,3
57326,2019-11-01,50.97999954223633,52.4900016784668,50.900001525878906,52.310001373291016,45.424503326416016,3207100,DOW,4
57356,2019-11-04,52.650001525878906,54.40999984741211,52.459999084472656,54.16999816894531,47.039676666259766,5430200,DOW,0
57386,2019-11-05,54.0099983215332,55.0,53.650001525878906,54.20000076293945,47.065731048583984,6044500,DOW,1
57416,2019-11-06,54.15999984741211,54.7400016784668,53.810001373291016,54.279998779296875,47.135196685791016,3847000,DOW,2
57446,2019-11-07,54.939998626708984,55.939998626708984,54.41999816894531,55.79999923706055,48.45512771606445,5974300,DOW,3
57476,2019-11-08,55.5,55.9900016784668,55.02000045776367,55.9900016784668,48.620113372802734,4812000,DOW,4
57506,2019-11-11,55.54999923706055,56.25,55.220001220703125,55.810001373291016,48.463809967041016,3184900,DOW,0
57536,2019-11-12,56.0,56.11000061035156,54.529998779296875,55.15999984741211,47.89937210083008,2742700,DOW,1
57566,2019-11-13,54.189998626708984,54.47999954223633,53.459999084472656,53.65999984741211,46.59680938720703,3426000,DOW,2
57596,2019-11-14,53.29999923706055,54.13999938964844,53.150001525878906,53.95000076293945,46.848636627197266,2595500,DOW,3
57626,2019-11-15,54.27000045776367,55.290000915527344,54.13999938964844,54.86000061035156,47.638858795166016,3865000,DOW,4
57656,2019-11-18,54.75,54.90999984741211,54.119998931884766,54.31999969482422,47.16992950439453,3439900,DOW,0
57686,2019-11-19,54.810001373291016,54.810001373291016,52.790000915527344,53.38999938964844,46.36234664916992,5208300,DOW,1
57716,2019-11-20,53.13999938964844,53.45000076293945,52.099998474121094,52.66999816894531,45.73711395263672,5394100,DOW,2
57746,2019-11-21,52.709999084472656,53.91999816894531,52.349998474121094,53.880001068115234,46.7878532409668,4618400,DOW,3
57776,2019-11-22,53.97999954223633,54.65999984741211,53.599998474121094,54.20000076293945,47.065731048583984,3115600,DOW,4
57806,2019-11-25,54.81999969482422,55.22999954223633,54.36000061035156,55.20000076293945,47.93410110473633,5073700,DOW,0
57836,2019-11-26,55.25,55.75,54.81999969482422,55.369998931884766,48.08172607421875,4643800,DOW,1
57866,2019-11-27,54.68000030517578,54.900001525878906,53.900001525878906,54.279998779296875,47.73871994018555,3926000,DOW,2
57896,2019-11-29,54.0099983215332,54.279998779296875,53.119998931884766,53.369998931884766,46.938385009765625,1887600,DOW,4
57926,2019-12-02,53.0,53.75,52.88999938964844,53.15999984741211,46.75369644165039,3349500,DOW,0
57956,2019-12-03,51.959999084472656,52.0099983215332,51.04999923706055,51.81999969482422,45.57518005371094,3950100,DOW,1
57986,2019-12-04,53.4900016784668,53.4900016784668,52.209999084472656,52.279998779296875,45.97974395751953,3791400,DOW,2
58016,2019-12-05,52.529998779296875,52.650001525878906,51.68000030517578,52.0,45.73348617553711,2692600,DOW,3
58046,2019-12-06,52.59000015258789,53.75,52.59000015258789,53.220001220703125,46.80646896362305,2818800,DOW,4
58076,2019-12-09,53.959999084472656,53.97999954223633,52.9900016784668,53.27000045776367,46.850433349609375,2377200,DOW,0
58106,2019-12-10,53.36000061035156,53.38999938964844,52.689998626708984,53.130001068115234,46.72731018066406,2609700,DOW,1
58136,2019-12-11,53.5,54.06999969482422,53.04999923706055,53.099998474121094,46.700923919677734,3253300,DOW,2
58166,2019-12-12,53.25,54.58000183105469,52.81999969482422,54.45000076293945,47.88823699951172,2882300,DOW,3
58196,2019-12-13,54.63999938964844,54.81999969482422,53.25,53.279998779296875,46.85923385620117,3198600,DOW,4
58226,2019-12-16,53.61000061035156,54.540000915527344,53.5099983215332,54.16999816894531,47.64197540283203,4040000,DOW,0
58256,2019-12-17,54.099998474121094,54.7400016784668,53.93000030517578,54.65999984741211,48.07292556762695,2665300,DOW,1
58286,2019-12-18,54.36000061035156,54.689998626708984,53.540000915527344,54.25,47.712337493896484,3659100,DOW,2
58316,2019-12-19,54.43000030517578,54.869998931884766,54.060001373291016,54.52000045776367,47.94980239868164,3356000,DOW,3
58346,2019-12-20,55.04999923706055,55.25,54.02000045776367,54.61000061035156,48.02895736694336,10476700,DOW,4
58376,2019-12-23,54.4900016784668,55.04999923706055,54.220001220703125,54.93000030517578,48.310394287109375,2678600,DOW,0
58406,2019-12-24,55.0,55.25,54.650001525878906,54.900001525878906,48.28401184082031,926200,DOW,1
58436,2019-12-26,54.97999954223633,55.22999954223633,54.52000045776367,55.220001220703125,48.56544876098633,1909600,DOW,3
58466,2019-12-27,55.290000915527344,55.54999923706055,54.720001220703125,54.83000183105469,48.22243881225586,1688500,DOW,4
58496,2019-12-30,54.86000061035156,55.04999923706055,54.2400016784668,54.34000015258789,47.79148864746094,1943300,DOW,0
58526,2019-12-31,54.02000045776367,54.779998779296875,53.93000030517578,54.72999954223633,48.134490966796875,2145700,DOW,1
58556,2020-01-02,55.22999954223633,55.540000915527344,53.63999938964844,53.75,47.27259063720703,5145200,DOW,3
58586,2020-01-03,53.11000061035156,53.599998474121094,52.40999984741211,52.41999816894531,46.10287094116211,5004300,DOW,4
58616,2020-01-06,52.31999969482422,52.880001068115234,52.0,52.209999084472656,45.91817092895508,4293100,DOW,0
58646,2020-01-07,52.290000915527344,53.064998626708984,51.9900016784668,52.189998626708984,45.90058517456055,5122800,DOW,1
58676,2020-01-08,52.40999984741211,53.16999816894531,51.91999816894531,52.72999954223633,46.375511169433594,3629700,DOW,2
58706,2020-01-09,52.75,53.06999969482422,51.810001373291016,52.189998626708984,45.90058517456055,2667800,DOW,3
58736,2020-01-10,52.86000061035156,52.869998931884766,51.400001525878906,51.5,45.293739318847656,3277300,DOW,4
58766,2020-01-13,51.5,52.400001525878906,51.470001220703125,52.349998474121094,46.04130935668945,2665500,DOW,0
58796,2020-01-14,52.189998626708984,52.970001220703125,51.95000076293945,52.2400016784668,45.94456481933594,3689800,DOW,1
58826,2020-01-15,52.189998626708984,52.650001525878906,51.70000076293945,52.27000045776367,45.970947265625,2235400,DOW,2
58856,2020-01-16,52.58000183105469,52.869998931884766,52.16999816894531,52.47999954223633,46.1556396484375,3765600,DOW,3
58886,2020-01-17,52.529998779296875,53.36000061035156,52.42499923706055,53.34000015258789,46.91200637817383,3897500,DOW,4
58916,2020-01-21,52.97999954223633,53.150001525878906,52.20000076293945,52.599998474121094,46.26118087768555,4156000,DOW,1
58946,2020-01-22,52.72999954223633,52.79999923706055,50.68199920654297,50.869998931884766,44.739662170410156,5149600,DOW,2
58976,2020-01-23,50.220001220703125,50.75,49.150001525878906,50.25,44.19438171386719,5797600,DOW,3
59006,2020-01-24,49.880001068115234,50.27000045776367,48.040000915527344,48.4900016784668,42.646480560302734,5919300,DOW,4
59036,2020-01-27,47.310001373291016,47.58000183105469,46.63999938964844,47.18000030517578,41.49434280395508,4827000,DOW,0
59066,2020-01-28,47.400001525878906,47.720001220703125,47.02000045776367,47.15999984741211,41.47675323486328,5813800,DOW,1
59096,2020-01-29,48.97999954223633,49.95000076293945,48.599998474121094,49.66999816894531,43.684268951416016,6828000,DOW,2
59126,2020-01-30,48.310001373291016,48.97999954223633,47.65999984741211,48.470001220703125,42.62888717651367,5644800,DOW,3
59156,2020-01-31,47.70000076293945,47.8650016784668,45.91999816894531,46.06999969482422,40.51810836791992,7532200,DOW,4
59186,2020-02-03,46.310001373291016,46.970001220703125,45.72999954223633,46.7400016784668,41.10736846923828,6364900,DOW,0
59216,2020-02-04,47.650001525878906,48.380001068115234,47.439998626708984,48.04999923706055,42.25950241088867,5287000,DOW,1
59246,2020-02-05,48.880001068115234,49.7400016784668,48.52000045776367,49.61000061035156,43.631507873535156,5403200,DOW,2
59276,2020-02-06,49.61000061035156,49.65999984741211,48.560001373291016,49.20000076293945,43.27091598510742,5985200,DOW,3
59306,2020-02-07,48.540000915527344,48.540000915527344,47.45000076293945,48.029998779296875,42.24191665649414,3802100,DOW,4
59336,2020-02-10,47.79999923706055,48.720001220703125,47.79999923706055,48.189998626708984,42.382625579833984,2488300,DOW,0
59366,2020-02-11,48.540000915527344,50.0099983215332,48.5,48.790000915527344,42.91033172607422,3705400,DOW,1
59396,2020-02-12,49.689998626708984,50.369998931884766,48.9900016784668,49.380001068115234,43.42922592163086,2964200,DOW,2
59426,2020-02-13,48.900001525878906,48.9900016784668,48.02000045776367,48.29999923706055,42.4793701171875,3302600,DOW,3
59456,2020-02-14,48.5099983215332,48.939998626708984,48.380001068115234,48.630001068115234,42.76960372924805,3207000,DOW,4
59486,2020-02-18,48.189998626708984,48.52000045776367,47.229000091552734,47.7400016784668,41.986854553222656,3594300,DOW,1
59516,2020-02-19,47.81999969482422,48.290000915527344,47.40999984741211,47.560001373291016,41.82855224609375,5644900,DOW,2
59546,2020-02-20,47.52000045776367,48.810001373291016,47.439998626708984,48.7599983215332,42.883941650390625,4154200,DOW,3
59576,2020-02-21,48.58000183105469,48.77000045776367,48.08000183105469,48.29999923706055,42.4793701171875,3972800,DOW,4
59606,2020-02-24,46.61000061035156,47.040000915527344,45.79999923706055,46.2400016784668,40.66762924194336,5075900,DOW,0
59636,2020-02-25,46.5,46.53499984741211,43.58000183105469,43.95000076293945,38.653594970703125,5529300,DOW,1
59666,2020-02-26,44.45000076293945,44.880001068115234,43.02000045776367,43.04999923706055,37.86204528808594,6470700,DOW,2
59696,2020-02-27,41.33000183105469,41.459999084472656,39.5,39.54999923706055,35.35877990722656,10009300,DOW,3
59726,2020-02-28,38.119998931884766,40.4900016784668,38.04999923706055,40.40999984741211,36.127628326416016,10280000,DOW,4
59756,2020-03-02,41.04999923706055,41.41999816894531,39.779998779296875,41.41999816894531,37.030601501464844,7706700,DOW,0
59786,2020-03-03,41.349998474121094,42.74399948120117,39.7400016784668,40.560001373291016,36.26173782348633,6765300,DOW,1
59816,2020-03-04,41.45000076293945,41.970001220703125,40.209999084472656,41.90999984741211,37.46867370605469,4967000,DOW,2
59846,2020-03-05,40.029998779296875,40.630001068115234,39.65999984741211,40.099998474121094,35.85048294067383,5447400,DOW,3
59876,2020-03-06,38.720001220703125,39.689998626708984,38.310001373291016,38.970001220703125,34.84023666381836,6928400,DOW,4
59906,2020-03-09,34.75,34.939998626708984,30.43000030517578,30.530000686645508,27.294649124145508,15081500,DOW,0
59936,2020-03-10,32.5099983215332,33.33000183105469,29.315000534057617,31.399999618530273,28.07245445251465,12975400,DOW,1
59966,2020-03-11,30.190000534057617,30.329999923706055,27.850000381469727,27.989999771118164,25.023822784423828,12444100,DOW,2
59996,2020-03-12,25.450000762939453,26.389999389648438,22.389999389648438,23.670000076293945,21.161623001098633,18163300,DOW,3
60026,2020-03-13,27.93000030517578,28.010000228881836,22.579999923706055,25.690000534057617,22.96755599975586,17350800,DOW,4
60056,2020-03-16,23.100000381469727,25.43000030517578,21.950000762939453,22.0,19.668598175048828,12345400,DOW,0
60086,2020-03-17,25.670000076293945,27.600000381469727,22.739999771118164,26.600000381469727,23.7811222076416,19873300,DOW,1
60116,2020-03-18,24.84000015258789,28.290000915527344,24.510000228881836,26.440000534057617,23.638080596923828,16955900,DOW,2
60146,2020-03-19,26.280000686645508,31.350000381469727,25.93000030517578,28.1200008392334,25.14004135131836,13893400,DOW,3
60176,2020-03-20,28.59000015258789,29.690000534057617,26.59000015258789,27.440000534057617,24.532102584838867,12649100,DOW,4
60206,2020-03-23,27.139999389648438,28.43000030517578,26.010000228881836,26.579999923706055,23.763240814208984,11703100,DOW,0
60236,2020-03-24,28.65999984741211,29.959999084472656,26.899999618530273,28.469999313354492,25.452951431274414,12333600,DOW,1
60266,2020-03-25,29.18000030517578,32.42499923706055,28.600000381469727,30.3799991607666,27.160545349121094,10539200,DOW,2
60296,2020-03-26,30.280000686645508,31.299999237060547,28.950000762939453,29.68000030517578,26.534725189208984,14298600,DOW,3
60326,2020-03-27,28.0,29.261999130249023,26.920000076293945,28.559999465942383,25.533414840698242,9101400,DOW,4
60356,2020-03-30,28.309999465942383,29.389999389648438,27.809999465942383,28.649999618530273,25.613876342773438,6817000,DOW,0
60386,2020-03-31,28.549999237060547,30.079999923706055,28.450000762939453,29.239999771118164,26.141355514526367,7599900,DOW,1
60416,2020-04-01,27.84000015258789,28.270000457763672,26.940000534057617,27.040000915527344,24.174495697021484,10339900,DOW,2
60446,2020-04-02,27.110000610351562,29.84000015258789,26.924999237060547,28.030000686645508,25.05958366394043,10680300,DOW,3
60476,2020-04-03,27.780000686645508,28.56999969482422,27.420000076293945,27.969999313354492,25.005935668945312,8005100,DOW,4
60506,2020-04-06,29.530000686645508,30.979999542236328,29.5,30.540000915527344,27.3035888671875,8021100,DOW,0
60536,2020-04-07,32.7599983215332,35.06999969482422,31.809999465942383,32.33000183105469,28.90389633178711,15028000,DOW,1
60566,2020-04-08,32.970001220703125,34.939998626708984,32.36000061035156,34.790000915527344,31.103200912475586,7220700,DOW,2
60596,2020-04-09,35.75,37.7400016784668,35.540000915527344,36.560001373291016,32.68563461303711,9892300,DOW,3
60626,2020-04-13,36.470001220703125,36.900001525878906,34.56999969482422,35.22999954223633,31.496578216552734,7170600,DOW,0
60656,2020-04-14,36.369998931884766,37.13999938964844,35.09000015258789,35.369998931884766,31.621740341186523,7348800,DOW,1
60686,2020-04-15,33.849998474121094,33.849998474121094,31.8700008392334,32.22999954223633,28.81449317932129,7586700,DOW,2
60716,2020-04-16,32.689998626708984,32.689998626708984,30.649999618530273,31.6299991607666,28.278078079223633,6918500,DOW,3
60746,2020-04-17,33.040000915527344,34.060001373291016,32.599998474121094,33.41999816894531,29.878387451171875,6544100,DOW,4
60776,2020-04-20,32.18000030517578,32.83000183105469,31.5,31.530000686645508,28.188674926757812,7140700,DOW,0
60806,2020-04-21,30.399999618530273,31.15999984741211,29.6200008392334,30.8799991607666,27.607555389404297,7315100,DOW,1
60836,2020-04-22,31.799999237060547,32.025001525878906,30.8799991607666,31.84000015258789,28.465824127197266,5331100,DOW,2
60866,2020-04-23,32.099998474121094,33.33000183105469,32.0099983215332,32.560001373291016,29.109521865844727,7724700,DOW,3
60896,2020-04-24,33.040000915527344,33.349998474121094,32.2400016784668,33.119998931884766,29.61017417907715,4979100,DOW,4
60926,2020-04-27,33.310001373291016,34.744998931884766,32.810001373291016,34.439998626708984,30.790292739868164,4885900,DOW,0
60956,2020-04-28,35.47999954223633,36.189998626708984,34.709999084472656,35.869998931884766,32.068748474121094,5868600,DOW,1
60986,2020-04-29,37.0,38.09000015258789,36.900001525878906,37.470001220703125,33.49919891357422,6887300,DOW,2
61016,2020-04-30,37.27000045776367,37.349998474121094,36.04999923706055,36.689998626708984,32.801849365234375,10990200,DOW,3
61046,2020-05-01,34.72999954223633,35.09000015258789,33.540000915527344,33.93000030517578,30.334339141845703,8709300,DOW,4
61076,2020-05-04,32.099998474121094,33.13999938964844,31.760000228881836,33.060001373291016,29.556537628173828,6248300,DOW,0
61106,2020-05-05,33.630001068115234,34.54999923706055,33.22999954223633,33.369998931884766,29.833683013916016,5041600,DOW,1
61136,2020-05-06,32.709999084472656,33.375,31.8799991607666,31.959999084472656,28.57310676574707,4601500,DOW,2
61166,2020-05-07,32.529998779296875,33.79999923706055,32.5099983215332,32.849998474121094,29.368785858154297,5056200,DOW,3
61196,2020-05-08,33.779998779296875,34.369998931884766,33.369998931884766,34.33000183105469,30.69195556640625,4175700,DOW,4
61226,2020-05-11,34.20000076293945,34.2400016784668,33.08000183105469,33.900001525878906,30.30752182006836,4321000,DOW,0
61256,2020-05-12,34.25,35.40999984741211,33.75,33.790000915527344,30.209177017211914,5675400,DOW,1
61286,2020-05-13,33.5,33.5629997253418,31.790000915527344,32.349998474121094,28.921775817871094,5865200,DOW,2
61316,2020-05-14,31.190000534057617,33.54999923706055,30.899999618530273,33.5099983215332,29.958845138549805,6187900,DOW,3
61346,2020-05-15,33.209999084472656,33.97999954223633,32.83000183105469,33.560001373291016,30.003551483154297,4829200,DOW,4
61376,2020-05-18,35.880001068115234,38.0099983215332,35.709999084472656,36.7400016784668,32.8465576171875,8544900,DOW,0
61406,2020-05-19,36.630001068115234,36.68000030517578,35.58000183105469,35.63999938964844,31.863121032714844,4415500,DOW,1
61436,2020-05-20,36.34000015258789,37.0,35.7599983215332,36.18000030517578,32.34589767456055,5656200,DOW,2
61466,2020-05-21,36.0,36.7599983215332,35.65999984741211,35.81999969482422,32.024051666259766,3941800,DOW,3
61496,2020-05-22,35.68000030517578,36.18000030517578,35.369998931884766,36.119998931884766,32.29225540161133,3040600,DOW,4
61526,2020-05-26,38.36000061035156,38.95000076293945,37.91999816894531,38.790000915527344,34.679317474365234,6188600,DOW,1
61556,2020-05-27,39.95000076293945,40.665000915527344,39.029998779296875,39.81999969482422,35.60015869140625,6895200,DOW,2
61586,2020-05-28,39.56999969482422,39.689998626708984,38.349998474121094,38.709999084472656,35.227046966552734,5266800,DOW,3
61616,2020-05-29,38.13999938964844,38.9900016784668,37.720001220703125,38.599998474121094,35.12694549560547,5254200,DOW,4
61646,2020-06-01,38.61000061035156,39.0099983215332,38.18000030517578,38.61000061035156,35.13604736328125,3014400,DOW,0
61676,2020-06-02,39.20000076293945,41.22999954223633,39.09000015258789,40.599998474121094,36.946998596191406,6083400,DOW,1
61706,2020-06-03,41.4900016784668,42.29999923706055,41.459999084472656,41.630001068115234,37.88431930541992,5160600,DOW,2
61736,2020-06-04,41.5,42.7599983215332,41.31999969482422,42.709999084472656,38.86714553833008,3901500,DOW,3
61766,2020-06-05,44.709999084472656,45.72999954223633,43.83700180053711,43.970001220703125,40.01377868652344,7656600,DOW,4
61796,2020-06-08,44.08000183105469,45.93000030517578,44.08000183105469,45.900001525878906,41.7701301574707,5727300,DOW,0
61826,2020-06-09,44.470001220703125,44.81999969482422,43.91899871826172,44.40999984741211,40.4141845703125,5535400,DOW,1
61856,2020-06-10,44.38999938964844,44.5,43.400001525878906,43.58000183105469,39.65886688232422,4267700,DOW,2
61886,2020-06-11,41.224998474121094,42.040000915527344,38.95000076293945,39.2599983215332,35.72755813598633,9225100,DOW,3
61916,2020-06-12,41.81999969482422,41.915000915527344,39.98500061035156,41.22999954223633,37.52030944824219,5034900,DOW,4
61946,2020-06-15,39.47999954223633,42.45000076293945,39.290000915527344,41.97999954223633,38.20283508300781,5665300,DOW,0
61976,2020-06-16,44.15999984741211,44.5,41.439998626708984,42.25,38.44853591918945,5592400,DOW,1
62006,2020-06-17,42.70000076293945,42.79600143432617,41.029998779296875,41.16999816894531,37.46570587158203,3525100,DOW,2
62036,2020-06-18,40.650001525878906,41.9900016784668,40.380001068115234,41.58000183105469,37.83882141113281,4106800,DOW,3
62066,2020-06-19,42.630001068115234,43.0,41.470001220703125,41.650001525878906,37.90251922607422,7494400,DOW,4
62096,2020-06-22,41.459999084472656,42.130001068115234,40.66999816894531,41.7400016784668,37.98442840576172,3316000,DOW,0
62126,2020-06-23,42.47999954223633,42.47999954223633,41.33000183105469,41.349998474121094,37.6295166015625,3603900,DOW,1
62156,2020-06-24,40.599998474121094,40.720001220703125,38.31999969482422,38.45000076293945,34.99044418334961,7707200,DOW,2
62186,2020-06-25,38.0,40.029998779296875,37.68000030517578,39.97999954223633,36.38277816772461,5986900,DOW,3
62216,2020-06-26,39.560001373291016,40.0,38.72999954223633,39.79999923706055,36.218971252441406,8333800,DOW,4
62246,2020-06-29,40.36000061035156,41.19499969482422,40.189998626708984,40.97999954223633,37.29280471801758,7756700,DOW,0
62276,2020-06-30,40.59000015258789,40.95000076293945,39.7599983215332,40.7599983215332,37.09259796142578,4835300,DOW,1
62306,2020-07-01,40.75,41.29999923706055,40.33000183105469,40.75,37.08349609375,4023600,DOW,2
62336,2020-07-02,41.65999984741211,42.25,40.90999984741211,41.59000015258789,37.84791946411133,4017500,DOW,3
62366,2020-07-06,42.630001068115234,42.779998779296875,41.560001373291016,42.45000076293945,38.63053894042969,4679000,DOW,0
62396,2020-07-07,41.7400016784668,42.06999969482422,41.16999816894531,41.689998626708984,37.93891525268555,4535900,DOW,1
62426,2020-07-08,41.4900016784668,41.779998779296875,39.6349983215332,40.349998474121094,36.719486236572266,4824200,DOW,2
62456,2020-07-09,40.38999938964844,40.52000045776367,39.16999816894531,39.439998626708984,35.89136505126953,3671900,DOW,3
62486,2020-07-10,39.439998626708984,40.81999969482422,39.42300033569336,40.7599983215332,37.09259796142578,3007800,DOW,4
62516,2020-07-13,41.099998474121094,41.84000015258789,40.5,41.2400016784668,37.52941131591797,3089000,DOW,0
62546,2020-07-14,41.31999969482422,42.68000030517578,41.2400016784668,42.439998626708984,38.621437072753906,4350800,DOW,1
62576,2020-07-15,43.650001525878906,44.099998474121094,42.55500030517578,43.33000183105469,39.431365966796875,3788300,DOW,2
62606,2020-07-16,43.189998626708984,44.26499938964844,42.84000015258789,43.83000183105469,39.886375427246094,4259800,DOW,3
62636,2020-07-17,44.06999969482422,44.150001525878906,42.959999084472656,43.66999816894531,39.74077224731445,4610600,DOW,4
62666,2020-07-20,43.34000015258789,43.67499923706055,42.119998931884766,42.29999923706055,38.49403381347656,3580900,DOW,0
62696,2020-07-21,42.5,43.43000030517578,42.45000076293945,43.040000915527344,39.167457580566406,3399600,DOW,1
62726,2020-07-22,42.939998626708984,44.5,42.8849983215332,44.34000015258789,40.350486755371094,5792500,DOW,2
62756,2020-07-23,43.0,43.20000076293945,41.880001068115234,42.81999969482422,38.96725082397461,6574300,DOW,3
62786,2020-07-24,42.81999969482422,43.47999954223633,42.29999923706055,42.61000061035156,38.776145935058594,2999600,DOW,4
62816,2020-07-27,42.810001373291016,44.47999954223633,42.43000030517578,44.0,40.04107666015625,4733600,DOW,0
62846,2020-07-28,43.7400016784668,44.02000045776367,42.59000015258789,42.619998931884766,38.78524398803711,3395400,DOW,1
62876,2020-07-29,42.79999923706055,43.63600158691406,42.7400016784668,43.52000045776367,39.60426712036133,3186900,DOW,2
62906,2020-07-30,42.65999984741211,42.83000183105469,41.34000015258789,41.72999954223633,37.97532272338867,4118700,DOW,3
62936,2020-07-31,41.4900016784668,41.91999816894531,40.59000015258789,41.060001373291016,37.365604400634766,7462100,DOW,4
62966,2020-08-03,41.220001220703125,41.2400016784668,40.08000183105469,40.09000015258789,36.482879638671875,5079900,DOW,0
62996,2020-08-04,40.040000915527344,41.8650016784668,39.900001525878906,41.31999969482422,37.602210998535156,5408800,DOW,1
63026,2020-08-05,41.900001525878906,42.47999954223633,41.75,41.9900016784668,38.21193313598633,3563600,DOW,2
63056,2020-08-06,41.689998626708984,42.31700134277344,41.055999755859375,42.04999923706055,38.26653289794922,3724900,DOW,3
63086,2020-08-07,41.58000183105469,42.665000915527344,41.444000244140625,42.630001068115234,38.79434585571289,2913100,DOW,4
63116,2020-08-10,42.810001373291016,44.88999938964844,42.810001373291016,44.79999923706055,40.76909637451172,4245900,DOW,0
63146,2020-08-11,45.540000915527344,46.06999969482422,44.34000015258789,44.5,40.496089935302734,4373800,DOW,1
63176,2020-08-12,45.220001220703125,45.380001068115234,43.93000030517578,44.279998779296875,40.29588317871094,2577300,DOW,2
63206,2020-08-13,43.86000061035156,44.869998931884766,43.709999084472656,44.43000030517578,40.43239212036133,2767100,DOW,3
63236,2020-08-14,43.95000076293945,45.13999938964844,43.83000183105469,44.869998931884766,40.83279800415039,1998300,DOW,4
63266,2020-08-17,45.099998474121094,45.439998626708984,44.209999084472656,44.459999084472656,40.459693908691406,3257300,DOW,0
63296,2020-08-18,44.40999984741211,45.029998779296875,44.310001373291016,44.709999084472656,40.68719482421875,2447100,DOW,1
63326,2020-08-19,44.689998626708984,45.099998474121094,44.25,44.63999938964844,40.62349319458008,3453400,DOW,2
63356,2020-08-20,44.02000045776367,44.13999938964844,43.529998779296875,43.689998626708984,39.75897216796875,3324000,DOW,3
63386,2020-08-21,43.5,43.869998931884766,43.25,43.59000015258789,39.667972564697266,2511600,DOW,4
63416,2020-08-24,44.29999923706055,46.150001525878906,44.02000045776367,46.119998931884766,41.9703254699707,4609000,DOW,0
63446,2020-08-25,46.40999984741211,46.65999984741211,45.472999572753906,45.59000015258789,41.48802185058594,4188000,DOW,1
63476,2020-08-26,45.68000030517578,46.65999984741211,45.279998779296875,46.34000015258789,42.17053985595703,3928500,DOW,2
63506,2020-08-27,46.68000030517578,46.95000076293945,45.810001373291016,46.15999984741211,42.0067253112793,3702300,DOW,3
63536,2020-08-28,45.40999984741211,46.209999084472656,44.970001220703125,46.04999923706055,42.551910400390625,3772900,DOW,4
63566,2020-08-31,45.9900016784668,46.11000061035156,45.09000015258789,45.119998931884766,41.69255828857422,3916800,DOW,0
63596,2020-09-01,44.790000915527344,47.279998779296875,44.470001220703125,47.27000045776367,43.67924118041992,5428300,DOW,1
63626,2020-09-02,47.68000030517578,49.279998779296875,47.41999816894531,49.220001220703125,45.481109619140625,7305900,DOW,2
63656,2020-09-03,49.279998779296875,49.79999923706055,47.91999816894531,48.38999938964844,44.71415710449219,6726900,DOW,3
63686,2020-09-04,49.290000915527344,49.70000076293945,48.08000183105469,48.599998474121094,44.908206939697266,5325900,DOW,4
63716,2020-09-08,47.689998626708984,48.415000915527344,47.435001373291016,47.93000030517578,44.28910446166992,4280800,DOW,1
63746,2020-09-09,48.56999969482422,49.880001068115234,48.5,49.22999954223633,45.490352630615234,4168100,DOW,2
63776,2020-09-10,49.29999923706055,49.75,48.65999984741211,48.70000076293945,45.0006103515625,4211300,DOW,3
63806,2020-09-11,49.209999084472656,50.41999816894531,49.040000915527344,49.849998474121094,46.06325912475586,6225700,DOW,4
63836,2020-09-14,50.06999969482422,50.5099983215332,49.69499969482422,50.09000015258789,46.28501892089844,5298900,DOW,0
63866,2020-09-15,50.61000061035156,51.560001373291016,50.38999938964844,51.06999969482422,47.19057846069336,4771700,DOW,1
63896,2020-09-16,50.189998626708984,51.099998474121094,49.43000030517578,49.70000076293945,45.92465591430664,5863500,DOW,2
63926,2020-09-17,49.369998931884766,51.25,48.849998474121094,50.970001220703125,47.098182678222656,5253700,DOW,3
63956,2020-09-18,50.529998779296875,51.22999954223633,50.25,50.369998931884766,46.543758392333984,6271100,DOW,4
63986,2020-09-21,49.040000915527344,49.33000183105469,47.18000030517578,47.90999984741211,44.27062225341797,6468800,DOW,0
64016,2020-09-22,47.97999954223633,48.154998779296875,47.20000076293945,47.79999923706055,44.168975830078125,4181900,DOW,1
64046,2020-09-23,47.68000030517578,48.119998931884766,46.470001220703125,46.7400016784668,43.18950271606445,4018000,DOW,2
64076,2020-09-24,46.66999816894531,46.9900016784668,45.689998626708984,46.40999984741211,42.88457107543945,4648700,DOW,3
64106,2020-09-25,45.77000045776367,46.400001525878906,45.630001068115234,46.040000915527344,42.54267120361328,4090200,DOW,4
64136,2020-09-28,46.5,48.279998779296875,46.5,47.47999954223633,43.873287200927734,3993100,DOW,0
64166,2020-09-29,47.22999954223633,47.779998779296875,46.2599983215332,46.56999969482422,43.032413482666016,2716800,DOW,1
64196,2020-09-30,47.189998626708984,48.119998931884766,46.61000061035156,47.04999923706055,43.475955963134766,4663200,DOW,2
64226,2020-10-01,47.209999084472656,47.5,45.93000030517578,46.11000061035156,42.60736083984375,3407600,DOW,3
64256,2020-10-02,45.369998931884766,47.470001220703125,45.130001068115234,47.310001373291016,43.71620178222656,4559000,DOW,4
64286,2020-10-05,47.900001525878906,48.882999420166016,47.70000076293945,48.58000183105469,44.88973617553711,3913400,DOW,0
64316,2020-10-06,49.119998931884766,49.790000915527344,47.86000061035156,47.880001068115234,44.24290466308594,4474700,DOW,1
64346,2020-10-07,48.45000076293945,49.060001373291016,48.0,48.29999923706055,44.63099670410156,4506400,DOW,2
64376,2020-10-08,48.619998931884766,49.40999984741211,48.47600173950195,49.380001068115234,45.62895965576172,2962000,DOW,3
64406,2020-10-09,49.79999923706055,50.09000015258789,48.70000076293945,49.36000061035156,45.6104736328125,4472800,DOW,4
64436,2020-10-12,49.400001525878906,49.5,48.262001037597656,48.58000183105469,44.88973617553711,3005700,DOW,0
64466,2020-10-13,48.47999954223633,48.97999954223633,47.79999923706055,47.880001068115234,44.24290466308594,6832200,DOW,1
64496,2020-10-14,47.84000015258789,48.970001220703125,47.41999816894531,48.83000183105469,45.12073516845703,5322100,DOW,2
64526,2020-10-15,47.880001068115234,49.07500076293945,47.84000015258789,49.0099983215332,45.28706359863281,2793200,DOW,3
64556,2020-10-16,49.369998931884766,49.994998931884766,49.130001068115234,49.29999923706055,45.55503463745117,2754300,DOW,4
64586,2020-10-19,49.33000183105469,50.33000183105469,48.7400016784668,48.84000015258789,45.12997817993164,2903500,DOW,0
64616,2020-10-20,49.349998474121094,50.150001525878906,49.209999084472656,49.34000015258789,45.59199523925781,2503600,DOW,1
64646,2020-10-21,49.380001068115234,49.71500015258789,48.54999923706055,48.54999923706055,44.862003326416016,4092500,DOW,2
64676,2020-10-22,49.810001373291016,50.15999984741211,47.150001525878906,48.81999969482422,45.11149597167969,5244000,DOW,3
64706,2020-10-23,49.52000045776367,49.95000076293945,48.40999984741211,48.529998779296875,44.84352493286133,3123400,DOW,4
64736,2020-10-26,47.939998626708984,48.13999938964844,46.81700134277344,47.150001525878906,43.568359375,4026400,DOW,0
64766,2020-10-27,46.91999816894531,47.189998626708984,46.38999938964844,46.56999969482422,43.032413482666016,4141200,DOW,1
64796,2020-10-28,44.939998626708984,45.70000076293945,44.33000183105469,45.18000030517578,41.74800491333008,6157100,DOW,2
64826,2020-10-29,44.630001068115234,46.65999984741211,44.56999969482422,46.25,42.73672103881836,4300100,DOW,3
64856,2020-10-30,45.86000061035156,46.189998626708984,44.72999954223633,45.4900016784668,42.03445816040039,5165900,DOW,4
64886,2020-11-02,46.25,48.060001373291016,45.880001068115234,47.81999969482422,44.187461853027344,3675800,DOW,0
64916,2020-11-03,48.25,49.029998779296875,47.65999984741211,48.72999954223633,45.0283317565918,3293500,DOW,1
64946,2020-11-04,47.95000076293945,48.34000015258789,46.25199890136719,46.45000076293945,42.92153549194336,4542300,DOW,2
64976,2020-11-05,46.900001525878906,49.45000076293945,46.880001068115234,48.970001220703125,45.25010681152344,4253000,DOW,3
65006,2020-11-06,49.22999954223633,49.81999969482422,48.03099822998047,48.22999954223633,44.56631088256836,3061500,DOW,4
65036,2020-11-09,51.59000015258789,54.18000030517578,51.540000915527344,52.119998931884766,48.16081619262695,9208300,DOW,0
65066,2020-11-10,52.33000183105469,53.70000076293945,52.06999969482422,53.459999084472656,49.39903259277344,6148700,DOW,1
65096,2020-11-11,53.5,53.60499954223633,52.02000045776367,52.209999084472656,48.243980407714844,4118500,DOW,2
65126,2020-11-12,51.7400016784668,52.06999969482422,50.540000915527344,51.040000915527344,47.16286087036133,3467600,DOW,3
65156,2020-11-13,50.27000045776367,52.130001068115234,50.20000076293945,51.970001220703125,48.022216796875,3482900,DOW,4
65186,2020-11-16,53.54999923706055,53.939998626708984,52.13999938964844,53.93000030517578,49.83332824707031,4075600,DOW,0
65216,2020-11-17,53.15999984741211,54.560001373291016,52.83000183105469,54.47999954223633,50.34154510498047,4795000,DOW,1
65246,2020-11-18,54.650001525878906,56.275001525878906,54.529998779296875,55.29999923706055,51.09925842285156,5903500,DOW,2
65276,2020-11-19,54.90999984741211,55.4900016784668,53.91999816894531,55.34000015258789,51.13622283935547,3514000,DOW,3
65306,2020-11-20,55.06999969482422,55.41999816894531,54.279998779296875,54.72999954223633,50.57255935668945,2871700,DOW,4
65336,2020-11-23,55.279998779296875,56.290000915527344,55.279998779296875,55.939998626708984,51.69063949584961,4560700,DOW,0
65366,2020-11-24,57.0,58.18000030517578,56.61000061035156,57.72999954223633,53.344669342041016,4442800,DOW,1
65396,2020-11-25,57.45000076293945,57.45000076293945,56.165000915527344,56.43000030517578,52.1434211730957,4158500,DOW,2
65426,2020-11-27,55.90999984741211,56.04999923706055,55.0099983215332,55.400001525878906,51.83465576171875,2847400,DOW,4
65456,2020-11-30,54.88999938964844,55.0,52.79999923706055,53.0099983215332,49.598472595214844,8760600,DOW,0
65486,2020-12-01,54.43000030517578,54.43000030517578,52.900001525878906,53.529998779296875,50.08500289916992,4328700,DOW,1
65516,2020-12-02,53.31999969482422,53.564998626708984,52.689998626708984,53.20000076293945,49.776241302490234,3723000,DOW,2
65546,2020-12-03,52.9900016784668,53.888999938964844,52.79999923706055,53.599998474121094,50.15049362182617,3213800,DOW,3
65576,2020-12-04,53.810001373291016,55.099998474121094,53.79999923706055,55.04999923706055,51.50718307495117,3294500,DOW,4
65606,2020-12-07,54.93000030517578,54.939998626708984,53.02000045776367,53.209999084472656,49.78559875488281,3602700,DOW,0
65636,2020-12-08,52.900001525878906,54.66999816894531,52.79999923706055,54.54999923706055,51.03936004638672,3161500,DOW,1
65666,2020-12-09,54.939998626708984,55.75,54.349998474121094,54.65999984741211,51.14228057861328,3219100,DOW,2
65696,2020-12-10,54.65999984741211,55.11000061035156,54.040000915527344,54.43000030517578,50.92708206176758,3402000,DOW,3
65726,2020-12-11,54.290000915527344,54.45000076293945,53.56999969482422,54.0,50.52475357055664,2674800,DOW,4
65756,2020-12-14,54.599998474121094,54.7599983215332,53.029998779296875,53.060001373291016,49.6452522277832,3121900,DOW,0
65786,2020-12-15,53.849998474121094,54.150001525878906,53.150001525878906,54.130001068115234,50.64638900756836,2335500,DOW,1
65816,2020-12-16,54.029998779296875,54.11000061035156,53.2400016784668,53.83000183105469,50.36569595336914,1948800,DOW,2
65846,2020-12-17,54.20000076293945,54.33000183105469,53.584999084472656,53.83000183105469,50.36569595336914,2222300,DOW,3
65876,2020-12-18,55.11000061035156,55.75,54.2400016784668,55.65999984741211,52.07792663574219,11536700,DOW,4
65906,2020-12-21,54.04999923706055,55.20000076293945,53.72999954223633,55.08000183105469,51.535255432128906,4458800,DOW,0
65936,2020-12-22,55.0099983215332,55.27000045776367,54.439998626708984,54.66999816894531,51.151634216308594,2268300,DOW,1
65966,2020-12-23,55.02000045776367,55.77000045776367,54.72999954223633,54.75,51.22648620605469,2251600,DOW,2
65996,2020-12-24,54.91999816894531,54.96799850463867,54.334999084472656,54.790000915527344,51.263912200927734,1074700,DOW,3
66026,2020-12-28,55.27000045776367,55.77000045776367,54.18000030517578,54.290000915527344,50.79609680175781,3668200,DOW,0
66056,2020-12-29,54.5,54.81999969482422,53.849998474121094,54.33000183105469,50.83352279663086,2222000,DOW,1
66086,2020-12-30,54.349998474121094,55.65999984741211,54.29999923706055,55.470001220703125,51.900150299072266,3790000,DOW,2
66116,2020-12-31,55.470001220703125,56.099998474121094,55.11000061035156,55.5,51.92822265625,2663500,DOW,3
66146,2021-01-04,55.81999969482422,56.12099838256836,53.650001525878906,54.040000915527344,50.56217956542969,4852800,DOW,0
66176,2021-01-05,54.13999938964844,56.16999816894531,54.0,55.79999923706055,52.20891571044922,3112800,DOW,1
66206,2021-01-06,56.95000076293945,59.209999084472656,56.54999923706055,58.43000030517578,54.66965866088867,6208400,DOW,2
66236,2021-01-07,59.0,59.77000045776367,58.10499954223633,58.5099983215332,54.744503021240234,4437600,DOW,3
66266,2021-01-08,58.369998931884766,58.86000061035156,57.75,58.209999084472656,54.46381759643555,4063500,DOW,4
66296,2021-01-11,57.70000076293945,58.95000076293945,57.25,58.86000061035156,55.071990966796875,3455900,DOW,0
66326,2021-01-12,59.31999969482422,61.209999084472656,59.0,61.040000915527344,57.111690521240234,6235000,DOW,1
66356,2021-01-13,60.75,61.310001373291016,59.65999984741211,60.029998779296875,56.166683197021484,3236300,DOW,2
66386,2021-01-14,60.209999084472656,60.5,59.41999816894531,59.650001525878906,55.8111457824707,3578800,DOW,3
66416,2021-01-15,58.619998931884766,58.81999969482422,57.130001068115234,57.310001373291016,53.621734619140625,6692900,DOW,4
66446,2021-01-19,57.7599983215332,58.20000076293945,56.33000183105469,57.54999923706055,53.84628677368164,4919300,DOW,1
66476,2021-01-20,57.869998931884766,58.630001068115234,57.22999954223633,58.56999969482422,54.80064392089844,3724400,DOW,2
66506,2021-01-21,58.5099983215332,58.77000045776367,57.310001373291016,57.560001373291016,53.85565185546875,3442000,DOW,3
66536,2021-01-22,56.9900016784668,57.78499984741211,56.869998931884766,57.5,53.79951095581055,2621500,DOW,4
66566,2021-01-25,56.86000061035156,57.41999816894531,55.65999984741211,57.22999954223633,53.5468864440918,3682400,DOW,0
66596,2021-01-26,57.88999938964844,58.25,55.70000076293945,55.7400016784668,52.15278244018555,3060300,DOW,1
66626,2021-01-27,54.63999938964844,55.08000183105469,52.65999984741211,54.38999938964844,50.88965606689453,6283500,DOW,2
66656,2021-01-28,54.13999938964844,54.849998474121094,53.0,54.380001068115234,50.880306243896484,5817000,DOW,3
66686,2021-01-29,53.849998474121094,54.70500183105469,51.7599983215332,51.900001525878906,48.559913635253906,8895400,DOW,4
66716,2021-02-01,52.38999938964844,52.84000015258789,51.33000183105469,52.75,49.35519790649414,4128300,DOW,0
66746,2021-02-02,53.560001373291016,54.869998931884766,52.869998931884766,54.61000061035156,51.09550094604492,5229500,DOW,1
66776,2021-02-03,54.310001373291016,55.39500045776367,54.03900146484375,55.349998474121094,51.787872314453125,3984200,DOW,2
66806,2021-02-04,55.470001220703125,56.369998931884766,54.81999969482422,56.34000015258789,52.71416473388672,4312200,DOW,3
66836,2021-02-05,56.7400016784668,57.83000183105469,56.439998626708984,57.2400016784668,53.556243896484375,3732500,DOW,4
66866,2021-02-08,57.75,58.2599983215332,57.209999084472656,57.349998474121094,53.65916061401367,2543200,DOW,0
66896,2021-02-09,57.5,57.51499938964844,56.369998931884766,56.599998474121094,52.957427978515625,4209500,DOW,1
66926,2021-02-10,57.0,58.380001068115234,56.47999954223633,57.66999816894531,53.958560943603516,3453000,DOW,2
66956,2021-02-11,57.810001373291016,57.939998626708984,56.689998626708984,57.66999816894531,53.958560943603516,2326500,DOW,3
66986,2021-02-12,57.560001373291016,58.27000045776367,57.44499969482422,58.150001525878906,54.407676696777344,1975100,DOW,4
67016,2021-02-16,58.900001525878906,59.35499954223633,58.540000915527344,58.75,54.96906661987305,4072700,DOW,1
67046,2021-02-17,58.58000183105469,58.90999984741211,57.61000061035156,58.540000915527344,54.772586822509766,3277800,DOW,2
67076,2021-02-18,58.29999923706055,58.665000915527344,57.099998474121094,57.560001373291016,53.85565185546875,3112600,DOW,3
67106,2021-02-19,57.75,60.529998779296875,57.75,60.38999938964844,56.503517150878906,4037100,DOW,4
67136,2021-02-22,60.619998931884766,62.560001373291016,60.20000076293945,62.47999954223633,58.459014892578125,5672600,DOW,0
67166,2021-02-23,62.939998626708984,62.970001220703125,61.5099983215332,62.119998931884766,58.12218475341797,4147200,DOW,1
67196,2021-02-24,62.0,63.97999954223633,61.94300079345703,63.689998626708984,59.59114456176758,4668600,DOW,2
67226,2021-02-25,62.47999954223633,62.83700180053711,61.125,61.349998474121094,58.03963088989258,3260300,DOW,3
67256,2021-02-26,60.849998474121094,61.04999923706055,58.79999923706055,59.310001373291016,56.10971450805664,6399700,DOW,4
67286,2021-03-01,61.150001525878906,62.27000045776367,60.56999969482422,61.540000915527344,58.21938705444336,4083800,DOW,0
67316,2021-03-02,62.209999084472656,64.04000091552734,61.79999923706055,62.72999954223633,59.34517288208008,7316000,DOW,1
67346,2021-03-03,62.5,63.38999938964844,62.0099983215332,62.25,58.89107131958008,5390300,DOW,2
67376,2021-03-04,62.060001373291016,62.619998931884766,60.09000015258789,61.20000076293945,57.897727966308594,6050400,DOW,3
67406,2021-03-05,62.119998931884766,63.040000915527344,60.75,62.90999984741211,59.51546096801758,3883800,DOW,4
67436,2021-03-08,63.16999816894531,64.2699966430664,62.5099983215332,63.439998626708984,60.0168571472168,4437600,DOW,0
67466,2021-03-09,63.66999816894531,63.709999084472656,61.90999984741211,62.2599983215332,58.900535583496094,5823200,DOW,1
67496,2021-03-10,62.619998931884766,64.45999908447266,62.369998931884766,64.08999633789062,60.63178634643555,4238500,DOW,2
67526,2021-03-11,64.33000183105469,65.2699966430664,64.22000122070312,64.31999969482422,60.84938049316406,3651800,DOW,3
67556,2021-03-12,64.68000030517578,65.05000305175781,63.880001068115234,64.33999633789062,60.8682975769043,2690800,DOW,4
67586,2021-03-15,64.06999969482422,64.29000091552734,62.45000076293945,62.900001525878906,59.506004333496094,5353300,DOW,0
67616,2021-03-16,62.689998626708984,63.83000183105469,61.86000061035156,63.18000030517578,59.770896911621094,6461600,DOW,1
67646,2021-03-17,63.47999954223633,66.25,63.18000030517578,66.01000213623047,62.44819259643555,5138900,DOW,2
67676,2021-03-18,66.05999755859375,67.2699966430664,64.62999725341797,64.72000122070312,61.22779846191406,4203500,DOW,3
67706,2021-03-19,64.72000122070312,64.80000305175781,62.65999984741211,63.90999984741211,60.46150207519531,6445800,DOW,4
67736,2021-03-22,63.79999923706055,63.79999923706055,62.400001525878906,63.5099983215332,60.08308410644531,4631100,DOW,0
67766,2021-03-23,62.66999816894531,62.6879997253418,60.400001525878906,60.75,57.47201156616211,5523500,DOW,1
67796,2021-03-24,61.599998474121094,63.41999816894531,61.40299987792969,62.040000915527344,58.692405700683594,4322600,DOW,2
67826,2021-03-25,61.470001220703125,63.310001373291016,61.25,63.2400016784668,59.82765579223633,3921200,DOW,3
67856,2021-03-26,63.38999938964844,64.13999938964844,63.09000015258789,63.9900016784668,60.53718566894531,4256300,DOW,4
67886,2021-03-29,63.619998931884766,65.12000274658203,63.5,63.900001525878906,60.4520378112793,3193700,DOW,0
67916,2021-03-30,63.720001220703125,64.79000091552734,63.47999954223633,64.61000061035156,61.12372970581055,2605100,DOW,1
67946,2021-03-31,64.2699966430664,64.95999908447266,63.5099983215332,63.939998626708984,60.48988342285156,3643800,DOW,2
67976,2021-04-01,63.95000076293945,64.72000122070312,63.47999954223633,64.5999984741211,61.1142692565918,3698900,DOW,3
68006,2021-04-05,65.0,65.22000122070312,64.25,64.58999633789062,61.10480499267578,4077900,DOW,0
68036,2021-04-06,64.23999786376953,65.38999938964844,64.12999725341797,64.5999984741211,61.1142692565918,3420300,DOW,1
68066,2021-04-07,64.48999786376953,64.97000122070312,63.65999984741211,63.9900016784668,60.53718566894531,2374000,DOW,2
68096,2021-04-08,63.86000061035156,64.02999877929688,62.619998931884766,63.189998626708984,59.78034973144531,3638900,DOW,3
68126,2021-04-09,63.189998626708984,63.560001373291016,62.540000915527344,63.13999938964844,59.73305130004883,3721000,DOW,4
68156,2021-04-12,63.599998474121094,64.1500015258789,63.29999923706055,63.790000915527344,60.34797668457031,3143800,DOW,0
68186,2021-04-13,63.59000015258789,63.68000030517578,62.45000076293945,63.310001373291016,59.893882751464844,4471600,DOW,1
68216,2021-04-14,63.59000015258789,64.77999877929688,63.36000061035156,64.23999786376953,60.7736930847168,4234400,DOW,2
68246,2021-04-15,64.87999725341797,64.91999816894531,63.79999923706055,64.56999969482422,61.08589172363281,2632500,DOW,3
68276,2021-04-16,65.2699966430664,65.51000213623047,64.26000213623047,64.68000030517578,61.1899528503418,3698800,DOW,4
68306,2021-04-19,64.80000305175781,65.04000091552734,63.939998626708984,64.55000305175781,61.06697082519531,2566600,DOW,0
68336,2021-04-20,64.0,64.05000305175781,62.279998779296875,62.47999954223633,59.10866165161133,4532200,DOW,1
68366,2021-04-21,62.459999084472656,65.0199966430664,62.375,64.81999969482422,61.32239532470703,4283500,DOW,2
68396,2021-04-22,64.0,64.05000305175781,60.720001220703125,60.93000030517578,57.64229965209961,12028900,DOW,3
68426,2021-04-23,61.099998474121094,62.4900016784668,60.45000076293945,62.11000061035156,58.75862503051758,5682300,DOW,4
68456,2021-04-26,62.36000061035156,62.81999969482422,61.93000030517578,62.20000076293945,58.843772888183594,4871600,DOW,0
68486,2021-04-27,62.27000045776367,62.849998474121094,61.720001220703125,62.650001525878906,59.269493103027344,3781300,DOW,1
68516,2021-04-28,63.029998779296875,64.06500244140625,62.70000076293945,63.310001373291016,59.893882751464844,5584300,DOW,2
68546,2021-04-29,63.81999969482422,64.69000244140625,63.435001373291016,64.05999755859375,60.60340881347656,4366000,DOW,3
68576,2021-04-30,63.45000076293945,63.709999084472656,62.29999923706055,62.5,59.127586364746094,4932300,DOW,4
68606,2021-05-03,63.18000030517578,65.03500366210938,63.119998931884766,64.55000305175781,61.06697082519531,6327800,DOW,0
68636,2021-05-04,64.25,66.2699966430664,63.79999923706055,66.22000122070312,62.64685821533203,7367200,DOW,1
68666,2021-05-05,66.48999786376953,68.23500061035156,66.13999938964844,68.06999969482422,64.39703369140625,7467100,DOW,2
68696,2021-05-06,68.0199966430664,69.08999633789062,67.16999816894531,69.04000091552734,65.314697265625,4670600,DOW,3
68726,2021-05-07,68.3499984741211,69.31999969482422,67.77999877929688,69.04000091552734,65.314697265625,5174900,DOW,4
68756,2021-05-10,69.75,70.5999984741211,68.66000366210938,68.7300033569336,65.02143096923828,5039000,DOW,0
68786,2021-05-11,67.83999633789062,68.9000015258789,67.19999694824219,68.56999969482422,64.87005615234375,5693400,DOW,1
68816,2021-05-12,68.75,69.0999984741211,67.4000015258789,67.5999984741211,63.952388763427734,4886200,DOW,2
68846,2021-05-13,67.45999908447266,68.5999984741211,67.31999969482422,68.08000183105469,64.406494140625,3068400,DOW,3
68876,2021-05-14,68.5,70.04000091552734,68.37000274658203,69.83000183105469,66.06206512451172,4817200,DOW,4
68906,2021-05-17,69.58000183105469,71.08000183105469,69.47000122070312,70.91000366210938,67.08380126953125,3607500,DOW,0
68936,2021-05-18,71.0,71.37999725341797,69.51000213623047,69.52999877929688,65.77825164794922,3523800,DOW,1
68966,2021-05-19,68.5,68.91000366210938,67.2699966430664,68.55000305175781,64.85113525390625,4398500,DOW,2
68996,2021-05-20,68.45999908447266,68.72000122070312,67.86000061035156,68.26000213623047,64.57677459716797,3126500,DOW,3
69026,2021-05-21,68.68000030517578,69.5999984741211,68.55000305175781,68.83000183105469,65.11602020263672,3855700,DOW,4
69056,2021-05-24,69.58999633789062,70.01000213623047,69.09500122070312,69.55000305175781,65.79718017578125,3420100,DOW,0
69086,2021-05-25,69.45999908447266,70.44999694824219,68.95999908447266,69.04000091552734,65.314697265625,4419400,DOW,1
69116,2021-05-26,68.83000183105469,69.63999938964844,68.20999908447266,69.56999969482422,65.81610107421875,6059200,DOW,2
69146,2021-05-27,69.31999969482422,69.95999908447266,68.23999786376953,68.66000366210938,65.61540985107422,6256600,DOW,3
69176,2021-05-28,69.08000183105469,69.16999816894531,67.70999908447266,68.41999816894531,65.38604736328125,3815200,DOW,4
69206,2021-06-01,69.16999816894531,70.52999877929688,68.8499984741211,70.41000366210938,67.2878189086914,4139100,DOW,1
69236,2021-06-02,70.31999969482422,70.31999969482422,68.86000061035156,68.94999694824219,65.89253997802734,4797800,DOW,2
69266,2021-06-03,69.3499984741211,70.69999694824219,68.44100189208984,70.61000061035156,67.47893524169922,4322500,DOW,3
69296,2021-06-04,71.0,71.13999938964844,69.87999725341797,70.37000274658203,67.24958801269531,3041900,DOW,4
69326,2021-06-07,70.37000274658203,70.47000122070312,68.88999938964844,69.23999786376953,66.16969299316406,2803900,DOW,0
69356,2021-06-08,69.0199966430664,69.72000122070312,68.30999755859375,69.37999725341797,66.30348205566406,3469400,DOW,1
69386,2021-06-09,69.25,69.51000213623047,68.47000122070312,68.83999633789062,65.78742218017578,3379200,DOW,2
69416,2021-06-10,69.98999786376953,70.16999816894531,67.94999694824219,67.98999786376953,64.97511291503906,4022000,DOW,3
69446,2021-06-11,68.47000122070312,69.0199966430664,67.83999633789062,68.0,64.98467254638672,2726100,DOW,4
69476,2021-06-14,67.83000183105469,68.18000030517578,66.62999725341797,66.95999908447266,63.99079132080078,3712800,DOW,0
69506,2021-06-15,66.91000366210938,67.42500305175781,66.44000244140625,67.22000122070312,64.23926544189453,3255000,DOW,1
69536,2021-06-16,67.01000213623047,67.12000274658203,65.19999694824219,65.58999633789062,62.68153762817383,5428800,DOW,2
69566,2021-06-17,65.7699966430664,65.80000305175781,62.33000183105469,63.540000915527344,60.72244644165039,5696100,DOW,3
69596,2021-06-18,62.54999923706055,63.04999923706055,61.880001068115234,61.97999954223633,59.23162078857422,8745300,DOW,4
69626,2021-06-21,63.13999938964844,63.94900131225586,62.790000915527344,63.11000061035156,60.31150817871094,5260000,DOW,0
69656,2021-06-22,63.459999084472656,63.81999969482422,62.68000030517578,63.5,60.68421936035156,4019100,DOW,1
69686,2021-06-23,64.0,64.2699966430664,63.099998474121094,63.150001525878906,60.34973907470703,3254400,DOW,2
69716,2021-06-24,63.779998779296875,63.83000183105469,62.7599983215332,63.11000061035156,60.31150817871094,4253700,DOW,3
69746,2021-06-25,63.25,63.869998931884766,63.11000061035156,63.290000915527344,60.4835319519043,4259700,DOW,4
69776,2021-06-28,63.29999923706055,63.29999923706055,62.16999816894531,62.900001525878906,60.1108283996582,2727000,DOW,0
69806,2021-06-29,63.279998779296875,63.810001373291016,62.58000183105469,62.97999954223633,60.187278747558594,2652900,DOW,1
69836,2021-06-30,62.849998474121094,63.619998931884766,62.75,63.279998779296875,60.47397232055664,3356500,DOW,2
69866,2021-07-01,64.22000122070312,64.41999816894531,63.41999816894531,63.5,60.68421936035156,3324700,DOW,3
69896,2021-07-02,63.33000183105469,63.77000045776367,62.79999923706055,63.5099983215332,60.69377136230469,3172800,DOW,4
69926,2021-07-06,63.400001525878906,63.45000076293945,61.404998779296875,61.93000030517578,59.183837890625,3727000,DOW,1
69956,2021-07-07,61.70000076293945,62.4900016784668,61.09400177001953,62.25,59.48964309692383,3424300,DOW,2
69986,2021-07-08,61.0,62.02000045776367,60.650001525878906,61.40999984741211,58.686893463134766,4251300,DOW,3
70016,2021-07-09,62.22999954223633,63.66999816894531,62.099998474121094,63.08000183105469,60.28284454345703,5063200,DOW,4
70046,2021-07-12,62.560001373291016,63.599998474121094,61.974998474121094,63.220001220703125,60.4166374206543,3100400,DOW,0
70076,2021-07-13,63.41999816894531,63.689998626708984,62.31999969482422,62.70000076293945,59.91969680786133,3074500,DOW,1
70106,2021-07-14,62.939998626708984,63.64500045776367,62.16999816894531,62.31999969482422,59.55654525756836,2571700,DOW,2
70136,2021-07-15,61.79999923706055,62.720001220703125,61.689998626708984,61.90999984741211,59.16471862792969,2745800,DOW,3
70166,2021-07-16,61.29999923706055,61.720001220703125,59.79999923706055,60.0099983215332,57.34897232055664,6961300,DOW,4
70196,2021-07-19,58.13999938964844,58.47999954223633,57.05500030517578,57.790000915527344,55.2274169921875,7815400,DOW,0
70226,2021-07-20,58.13999938964844,59.189998626708984,57.62799835205078,58.619998931884766,56.02061462402344,6771700,DOW,1
70256,2021-07-21,59.52000045776367,60.04999923706055,59.05500030517578,59.72999954223633,57.081390380859375,7428300,DOW,2
70286,2021-07-22,58.560001373291016,60.88999938964844,58.0,60.47999954223633,57.79813003540039,7111300,DOW,3
70316,2021-07-23,60.84000015258789,61.279998779296875,59.79999923706055,60.11000061035156,57.444541931152344,4690500,DOW,4
70346,2021-07-26,60.20000076293945,62.040000915527344,60.20000076293945,62.0099983215332,59.26028823852539,6534300,DOW,0
70376,2021-07-27,61.5099983215332,62.41999816894531,60.86000061035156,61.95000076293945,59.20294952392578,3568500,DOW,1
70406,2021-07-28,61.83000183105469,62.29999923706055,61.060001373291016,61.869998931884766,59.126495361328125,4113600,DOW,2
70436,2021-07-29,62.439998626708984,62.93000030517578,62.0099983215332,62.599998474121094,59.824127197265625,3708600,DOW,3
70466,2021-07-30,62.4900016784668,63.224998474121094,61.665000915527344,62.15999984741211,59.40363693237305,4646800,DOW,4
70496,2021-08-02,62.29999923706055,63.59000015258789,61.189998626708984,61.220001220703125,58.50532150268555,3714500,DOW,0
70526,2021-08-03,61.150001525878906,62.27000045776367,60.154998779296875,62.22999954223633,59.47053146362305,4819700,DOW,1
70556,2021-08-04,61.7400016784668,62.20000076293945,60.97999954223633,60.9900016784668,58.28551483154297,3340100,DOW,2
70586,2021-08-05,61.290000915527344,61.79999923706055,60.900001525878906,61.0,58.295074462890625,3037100,DOW,3
70616,2021-08-06,61.61000061035156,62.369998931884766,61.54999923706055,62.0,59.250728607177734,3142800,DOW,4
70646,2021-08-09,61.720001220703125,62.224998474121094,61.36000061035156,61.81999969482422,59.07871627807617,3178100,DOW,0
70676,2021-08-10,62.02000045776367,63.56999969482422,61.939998626708984,63.119998931884766,60.321067810058594,3560000,DOW,1
70706,2021-08-11,63.41999816894531,64.30000305175781,63.220001220703125,64.23999786376953,61.39140319824219,3583600,DOW,2
70736,2021-08-12,64.36000061035156,64.62000274658203,63.303001403808594,64.01000213623047,61.17160415649414,3581400,DOW,3
70766,2021-08-13,63.970001220703125,64.0999984741211,63.349998474121094,63.689998626708984,60.86579132080078,2385600,DOW,4
70796,2021-08-16,63.20000076293945,63.595001220703125,62.13999938964844,63.31999969482422,60.51219940185547,3163400,DOW,0
70826,2021-08-17,62.689998626708984,62.875,61.13999938964844,62.310001373291016,59.5469856262207,3974300,DOW,1
70856,2021-08-18,61.90999984741211,62.83000183105469,61.709999084472656,61.880001068115234,59.13605499267578,4574000,DOW,2
70886,2021-08-19,61.040000915527344,61.38999938964844,60.150001525878906,60.54999923706055,57.865028381347656,3981600,DOW,3
70916,2021-08-20,60.40999984741211,61.11000061035156,60.31999969482422,60.88999938964844,58.1899528503418,3203600,DOW,4
70946,2021-08-23,61.5,62.41999816894531,61.459999084472656,62.060001373291016,59.308074951171875,3439900,DOW,0
70976,2021-08-24,62.459999084472656,63.529998779296875,62.459999084472656,63.2599983215332,60.45486068725586,2896000,DOW,1
71006,2021-08-25,63.29999923706055,64.18000030517578,62.81999969482422,63.869998931884766,61.03780746459961,3246700,DOW,2
71036,2021-08-26,63.84000015258789,64.55999755859375,63.470001220703125,63.650001525878906,60.82756805419922,3618500,DOW,3
71066,2021-08-27,64.19000244140625,65.8550033569336,64.12000274658203,65.37999725341797,62.48085021972656,5348700,DOW,4
71096,2021-08-30,65.0,65.3280029296875,63.95000076293945,63.97999954223633,61.804656982421875,3925000,DOW,0
71126,2021-08-31,63.70000076293945,63.880001068115234,62.689998626708984,62.900001525878906,60.76137924194336,5450000,DOW,1
71156,2021-09-01,62.83000183105469,63.0,61.810001373291016,62.540000915527344,60.41361618041992,3949200,DOW,2
71186,2021-09-02,62.7599983215332,63.36000061035156,62.41999816894531,62.619998931884766,60.49089813232422,3414600,DOW,3
71216,2021-09-03,62.45000076293945,62.82500076293945,61.66999816894531,62.119998931884766,60.00789260864258,3690400,DOW,4
71246,2021-09-07,61.97999954223633,62.29999923706055,61.63999938964844,61.869998931884766,59.76639175415039,2514300,DOW,1
71276,2021-09-08,61.83000183105469,62.11000061035156,60.5099983215332,60.689998626708984,58.62651443481445,4629000,DOW,2
71306,2021-09-09,60.25,61.189998626708984,60.06999969482422,60.279998779296875,58.23045349121094,4439100,DOW,3
71336,2021-09-10,60.849998474121094,61.439998626708984,60.34000015258789,60.40999984741211,58.35603713989258,4093300,DOW,4
71366,2021-09-13,61.27000045776367,61.59000015258789,60.21500015258789,60.720001220703125,58.655494689941406,4549200,DOW,0
71396,2021-09-14,61.2400016784668,61.29999923706055,59.52199935913086,59.650001525878906,57.62187957763672,4493600,DOW,1
71426,2021-09-15,59.75,60.66999816894531,59.66999816894531,60.20000076293945,58.153175354003906,5167600,DOW,2
71456,2021-09-16,60.13999938964844,60.31999969482422,59.06999969482422,59.470001220703125,57.447994232177734,4650700,DOW,3
71486,2021-09-17,58.79999923706055,59.16999816894531,57.470001220703125,57.75,55.786476135253906,9622900,DOW,4
71516,2021-09-20,56.2599983215332,57.130001068115234,55.310001373291016,56.18000030517578,54.269859313964844,7683900,DOW,0
71546,2021-09-21,56.59000015258789,56.86000061035156,55.209999084472656,55.529998779296875,53.6419563293457,6156400,DOW,1
71576,2021-09-22,56.2599983215332,56.97999954223633,56.255001068115234,56.29999923706055,54.385780334472656,6823800,DOW,2
71606,2021-09-23,56.77000045776367,58.04499816894531,56.599998474121094,57.43000030517578,55.47735595703125,7814100,DOW,3
71636,2021-09-24,57.20000076293945,57.34000015258789,56.7400016784668,56.810001373291016,54.87843704223633,7964900,DOW,4
71666,2021-09-27,56.880001068115234,60.380001068115234,56.880001068115234,59.689998626708984,57.660518646240234,12374000,DOW,0
71696,2021-09-28,60.150001525878906,60.64500045776367,59.13999938964844,59.459999084472656,57.43833923339844,6681800,DOW,1
71726,2021-09-29,59.459999084472656,59.599998474121094,58.77000045776367,58.81999969482422,56.820098876953125,4578800,DOW,2
71756,2021-09-30,58.91999816894531,59.16999816894531,57.54999923706055,57.560001373291016,55.602935791015625,4929000,DOW,3
71786,2021-10-01,57.66999816894531,59.0099983215332,57.25,58.58000183105469,56.588260650634766,6925300,DOW,4
71816,2021-10-04,58.58000183105469,59.0,57.68000030517578,58.2400016784668,56.25981903076172,5652900,DOW,0
71846,2021-10-05,58.2599983215332,59.44499969482422,58.099998474121094,59.099998474121094,57.090576171875,5646200,DOW,1
71876,2021-10-06,58.36000061035156,58.56999969482422,56.29999923706055,57.15999984741211,55.21653747558594,8699100,DOW,2
71906,2021-10-07,57.88999938964844,59.470001220703125,57.790000915527344,58.5099983215332,56.520633697509766,7235900,DOW,3
71936,2021-10-08,58.810001373291016,59.290000915527344,58.400001525878906,58.709999084472656,56.71383285522461,4260200,DOW,4
71966,2021-10-11,59.25,59.779998779296875,58.209999084472656,58.22999954223633,56.250152587890625,4139000,DOW,0
71996,2021-10-12,58.02000045776367,58.369998931884766,57.5,57.7400016784668,55.77682113647461,5443800,DOW,1
72026,2021-10-13,57.91999816894531,58.04999923706055,56.650001525878906,56.90999984741211,54.97503662109375,7689800,DOW,2
72056,2021-10-14,57.43000030517578,58.779998779296875,57.13999938964844,58.7400016784668,56.742820739746094,6430400,DOW,3
72086,2021-10-15,59.470001220703125,59.72999954223633,58.84000015258789,58.959999084472656,56.95533752441406,4288200,DOW,4
72116,2021-10-18,57.70000076293945,59.38999938964844,57.599998474121094,58.95000076293945,56.945674896240234,4660100,DOW,0
72146,2021-10-19,59.09000015258789,59.27000045776367,58.540000915527344,59.189998626708984,57.17751693725586,3650600,DOW,1
72176,2021-10-20,59.15999984741211,60.608001708984375,58.941001892089844,59.88999938964844,57.85371780395508,5875300,DOW,2
72206,2021-10-21,60.06999969482422,61.16999816894531,57.959999084472656,59.2599983215332,57.24513626098633,8916600,DOW,3
72236,2021-10-22,59.63999938964844,60.189998626708984,58.380001068115234,58.400001525878906,56.41437530517578,5889500,DOW,4
72266,2021-10-25,59.2400016784668,59.53499984741211,58.61000061035156,58.709999084472656,56.71383285522461,6293200,DOW,0
72296,2021-10-26,58.709999084472656,59.7599983215332,58.18000030517578,58.709999084472656,56.71383285522461,6875200,DOW,1
72326,2021-10-27,58.58000183105469,58.58000183105469,55.900001525878906,56.0,54.095977783203125,11512700,DOW,2
72356,2021-10-28,56.25,56.86000061035156,56.209999084472656,56.56999969482422,54.64659881591797,5974400,DOW,3
72386,2021-10-29,56.130001068115234,56.650001525878906,55.65999984741211,55.970001220703125,54.06699752807617,5894900,DOW,4
72416,2021-11-01,56.0099983215332,57.97999954223633,56.0099983215332,57.439998626708984,55.48701477050781,7562000,DOW,0
72446,2021-11-02,57.63999938964844,58.7400016784668,57.2400016784668,58.470001220703125,56.481998443603516,5929500,DOW,1
72476,2021-11-03,58.4900016784668,59.584999084472656,58.09000015258789,59.04999923706055,57.042274475097656,6234300,DOW,2
72506,2021-11-04,59.0,59.01499938964844,56.79499816894531,57.16999816894531,55.2261962890625,9047900,DOW,3
72536,2021-11-05,57.2400016784668,58.744998931884766,57.2400016784668,58.310001373291016,56.32743835449219,4979100,DOW,4
72566,2021-11-08,58.93000030517578,59.68000030517578,58.29499816894531,58.56999969482422,56.57859802246094,4894100,DOW,0
72596,2021-11-09,58.540000915527344,59.119998931884766,58.39500045776367,58.790000915527344,56.79111862182617,4447800,DOW,1
72626,2021-11-10,58.84000015258789,59.290000915527344,58.4900016784668,58.7599983215332,56.76213455200195,5103900,DOW,2
72656,2021-11-11,59.08000183105469,59.97999954223633,59.02000045776367,59.68000030517578,57.650856018066406,4140400,DOW,3
72686,2021-11-12,59.790000915527344,60.54999923706055,59.459999084472656,60.060001373291016,58.017940521240234,3499400,DOW,4
72716,2021-11-15,60.5,60.81999969482422,59.779998779296875,59.91999816894531,57.882694244384766,3470400,DOW,0
72746,2021-11-16,59.970001220703125,59.9900016784668,58.84000015258789,58.86000061035156,56.85873794555664,4004700,DOW,1
72776,2021-11-17,58.68000030517578,58.97999954223633,58.16999816894531,58.34000015258789,56.35641860961914,3342400,DOW,2
72806,2021-11-18,58.349998474121094,58.369998931884766,57.66999816894531,57.97999954223633,56.0086555480957,3801500,DOW,3
72836,2021-11-19,57.45000076293945,57.52000045776367,56.029998779296875,57.34000015258789,55.390419006347656,7424300,DOW,4
72866,2021-11-22,57.560001373291016,59.290000915527344,57.40999984741211,58.790000915527344,56.79111862182617,5309200,DOW,0
72896,2021-11-23,59.34000015258789,59.720001220703125,58.83000183105469,59.18000030517578,57.1678581237793,5279400,DOW,1
72926,2021-11-24,58.900001525878906,59.369998931884766,58.59000015258789,58.630001068115234,56.63655471801758,3307100,DOW,2
72956,2021-11-26,56.63999938964844,57.77000045776367,55.97999954223633,57.599998474121094,55.641578674316406,4317500,DOW,4
72986,2021-11-29,57.900001525878906,58.380001068115234,56.380001068115234,56.86000061035156,55.60246276855469,4564300,DOW,0
73016,2021-11-30,56.2599983215332,56.4900016784668,54.40999984741211,54.93000030517578,53.71514892578125,10398200,DOW,1
73046,2021-12-01,55.4900016784668,55.79999923706055,52.70000076293945,52.7599983215332,51.593135833740234,9113300,DOW,2
73076,2021-12-02,52.5,53.474998474121094,52.06999969482422,53.18000030517578,52.00385284423828,7333300,DOW,3
73106,2021-12-03,53.0,53.81999969482422,52.72999954223633,53.06999969482422,51.89628219604492,6969100,DOW,4
73136,2021-12-06,54.36000061035156,54.71799850463867,53.84000015258789,53.880001068115234,52.68836975097656,6066400,DOW,0
73166,2021-12-07,54.45000076293945,55.380001068115234,54.27000045776367,54.86000061035156,53.646697998046875,5806900,DOW,1
73196,2021-12-08,55.310001373291016,55.47999954223633,54.779998779296875,54.90999984741211,53.695587158203125,5013700,DOW,2
73226,2021-12-09,54.2400016784668,54.58000183105469,53.724998474121094,54.38999938964844,53.18708801269531,5607700,DOW,3
73256,2021-12-10,55.150001525878906,55.2599983215332,54.28499984741211,54.68000030517578,53.47067642211914,3628600,DOW,4
73286,2021-12-13,54.459999084472656,54.650001525878906,53.06700134277344,53.31999969482422,52.14075469970703,5398800,DOW,0
73316,2021-12-14,53.25,54.5,53.13800048828125,53.880001068115234,52.68836975097656,4048700,DOW,1
73346,2021-12-15,53.790000915527344,54.06999969482422,52.86000061035156,54.040000915527344,52.84482955932617,4955200,DOW,2
73376,2021-12-16,54.43000030517578,55.36000061035156,54.27000045776367,54.599998474121094,53.3924446105957,5605900,DOW,3
73406,2021-12-17,54.529998779296875,54.665000915527344,53.380001068115234,54.099998474121094,52.90350341796875,10400000,DOW,4
73436,2021-12-20,53.099998474121094,53.59000015258789,52.470001220703125,53.5099983215332,52.3265495300293,6251000,DOW,0
73466,2021-12-21,54.16999816894531,54.810001373291016,53.900001525878906,54.20000076293945,53.00129318237305,4422000,DOW,1
73496,2021-12-22,54.119998931884766,54.380001068115234,53.63999938964844,54.22999954223633,53.0306282043457,3729600,DOW,2
73526,2021-12-23,54.5,55.702999114990234,54.349998474121094,55.13999938964844,53.920501708984375,6240200,DOW,3
73556,2021-12-27,55.310001373291016,55.88999938964844,55.16999816894531,55.869998931884766,54.63435363769531,3249000,DOW,0
73586,2021-12-28,56.0099983215332,57.0,55.90999984741211,56.630001068115234,55.37754821777344,4748100,DOW,1
73616,2021-12-29,56.66999816894531,57.11000061035156,56.560001373291016,57.060001373291016,55.79804229736328,3580900,DOW,2
73646,2021-12-30,57.20000076293945,57.83000183105469,56.724998474121094,56.779998779296875,55.52423095703125,3678700,DOW,3
73676,2021-12-31,56.84000015258789,56.99100112915039,56.29499816894531,56.720001220703125,55.46556091308594,3093900,DOW,4
